[11:11:26] === ComfyUI pixel-art setup START ===
[11:11:26] cloning ComfyUI
Cloning into '/run/media/mhintermeister/secondary_drive1/comfy/ComfyUI'...
[11:12:35] creating python3.12 venv
Requirement already satisfied: pip in /run/media/mhintermeister/secondary_drive1/comfy/ComfyUI/.venv/lib/python3.12/site-packages (25.0.1)
Collecting pip
  Using cached pip-26.2.1-py3-none-any.whl.metadata (4.6 kB)
Collecting wheel
  Downloading wheel-0.48.0-py3-none-any.whl.metadata (2.3 kB)
Collecting packaging>=24.0 (from wheel)
  Using cached packaging-26.3-py3-none-any.whl.metadata (3.5 kB)
Using cached pip-26.2.1-py3-none-any.whl (1.8 MB)
Downloading wheel-0.48.0-py3-none-any.whl (33 kB)
Using cached packaging-26.3-py3-none-any.whl (129 kB)
Installing collected packages: pip, packaging, wheel
  Attempting uninstall: pip
    Found existing installation: pip 25.0.1
    Uninstalling pip-25.0.1:
      Successfully uninstalled pip-25.0.1
Successfully installed packaging-26.3 pip-26.2.1 wheel-0.48.0
[11:12:38] installing torch cu124 (large)
Looking in indexes: https://download.pytorch.org/whl/cu124
WARNING: Retrying (Retry(total=4, connect=None, read=None, redirect=None, status=None)) after connection broken by 'NameResolutionError("HTTPSConnection(host='download.pytorch.org', port=443): Failed to resolve 'download.pytorch.org' ([Errno -3] Temporary failure in name resolution)")': /whl/cu124/torch/
WARNING: Retrying (Retry(total=3, connect=None, read=None, redirect=None, status=None)) after connection broken by 'NameResolutionError("HTTPSConnection(host='download.pytorch.org', port=443): Failed to resolve 'download.pytorch.org' ([Errno -3] Temporary failure in name resolution)")': /whl/cu124/torch/
WARNING: Retrying (Retry(total=2, connect=None, read=None, redirect=None, status=None)) after connection broken by 'NameResolutionError("HTTPSConnection(host='download.pytorch.org', port=443): Failed to resolve 'download.pytorch.org' ([Errno -3] Temporary failure in name resolution)")': /whl/cu124/torch/
WARNING: Retrying (Retry(total=1, connect=None, read=None, redirect=None, status=None)) after connection broken by 'NameResolutionError("HTTPSConnection(host='download.pytorch.org', port=443): Failed to resolve 'download.pytorch.org' ([Errno -3] Temporary failure in name resolution)")': /whl/cu124/torch/
WARNING: Retrying (Retry(total=0, connect=None, read=None, redirect=None, status=None)) after connection broken by 'NameResolutionError("HTTPSConnection(host='download.pytorch.org', port=443): Failed to resolve 'download.pytorch.org' ([Errno -3] Temporary failure in name resolution)")': /whl/cu124/torch/
ERROR: Could not find a version that satisfies the requirement torch (from versions: none)
ERROR: No matching distribution found for torch
[11:12:46] torch install FAILED
[11:12:46] installing ComfyUI requirements
Collecting comfyui-frontend-package==1.49.6 (from -r /run/media/mhintermeister/secondary_drive1/comfy/ComfyUI/requirements.txt (line 1))
  Downloading comfyui_frontend_package-1.49.6-py3-none-any.whl.metadata (117 bytes)
Collecting comfyui-workflow-templates==0.11.48 (from -r /run/media/mhintermeister/secondary_drive1/comfy/ComfyUI/requirements.txt (line 2))
  Downloading comfyui_workflow_templates-0.11.48-py3-none-any.whl.metadata (24 kB)
Collecting comfyui-embedded-docs==0.5.10 (from -r /run/media/mhintermeister/secondary_drive1/comfy/ComfyUI/requirements.txt (line 3))
  Downloading comfyui_embedded_docs-0.5.10-py3-none-any.whl.metadata (5.3 kB)
Collecting torch (from -r /run/media/mhintermeister/secondary_drive1/comfy/ComfyUI/requirements.txt (line 4))
  Using cached torch-2.13.0-cp312-cp312-manylinux_2_28_x86_64.whl.metadata (38 kB)
Collecting torchsde (from -r /run/media/mhintermeister/secondary_drive1/comfy/ComfyUI/requirements.txt (line 5))
  Downloading torchsde-0.2.6-py3-none-any.whl.metadata (5.3 kB)
Collecting torchvision (from -r /run/media/mhintermeister/secondary_drive1/comfy/ComfyUI/requirements.txt (line 6))
  Using cached torchvision-0.28.0-cp312-cp312-manylinux_2_28_x86_64.whl.metadata (5.6 kB)
Collecting torchaudio (from -r /run/media/mhintermeister/secondary_drive1/comfy/ComfyUI/requirements.txt (line 7))
  Downloading torchaudio-2.11.0-cp312-cp312-manylinux_2_28_x86_64.whl.metadata (6.9 kB)
Collecting numpy>=1.25.0 (from -r /run/media/mhintermeister/secondary_drive1/comfy/ComfyUI/requirements.txt (line 8))
  Downloading numpy-2.5.2-cp312-cp312-manylinux_2_27_x86_64.manylinux_2_28_x86_64.whl.metadata (6.6 kB)
Collecting einops (from -r /run/media/mhintermeister/secondary_drive1/comfy/ComfyUI/requirements.txt (line 9))
  Downloading einops-0.8.2-py3-none-any.whl.metadata (13 kB)
Collecting transformers>=4.50.3 (from -r /run/media/mhintermeister/secondary_drive1/comfy/ComfyUI/requirements.txt (line 10))
  Downloading transformers-5.16.1-py3-none-any.whl.metadata (32 kB)
Collecting tokenizers>=0.13.3 (from -r /run/media/mhintermeister/secondary_drive1/comfy/ComfyUI/requirements.txt (line 11))
  Using cached tokenizers-0.23.1-cp310-abi3-manylinux_2_17_x86_64.manylinux2014_x86_64.whl.metadata (9.8 kB)
Collecting sentencepiece (from -r /run/media/mhintermeister/secondary_drive1/comfy/ComfyUI/requirements.txt (line 12))
  Using cached sentencepiece-0.2.2-cp312-cp312-manylinux_2_27_x86_64.manylinux_2_28_x86_64.whl.metadata (33 kB)
Collecting safetensors>=0.4.2 (from -r /run/media/mhintermeister/secondary_drive1/comfy/ComfyUI/requirements.txt (line 13))
  Using cached safetensors-0.8.0-cp310-abi3-manylinux_2_17_x86_64.manylinux2014_x86_64.whl.metadata (4.2 kB)
Collecting aiohttp>=3.11.8 (from -r /run/media/mhintermeister/secondary_drive1/comfy/ComfyUI/requirements.txt (line 14))
  Using cached aiohttp-3.14.3-cp312-cp312-manylinux2014_x86_64.manylinux_2_17_x86_64.manylinux_2_28_x86_64.whl.metadata (8.3 kB)
Collecting yarl>=1.18.0 (from -r /run/media/mhintermeister/secondary_drive1/comfy/ComfyUI/requirements.txt (line 15))
  Using cached yarl-1.24.5-cp312-cp312-manylinux2014_x86_64.manylinux_2_17_x86_64.manylinux_2_28_x86_64.whl.metadata (103 kB)
Collecting pyyaml (from -r /run/media/mhintermeister/secondary_drive1/comfy/ComfyUI/requirements.txt (line 16))
  Using cached pyyaml-6.0.3-cp312-cp312-manylinux2014_x86_64.manylinux_2_17_x86_64.manylinux_2_28_x86_64.whl.metadata (2.4 kB)
Collecting Pillow (from -r /run/media/mhintermeister/secondary_drive1/comfy/ComfyUI/requirements.txt (line 17))
  Using cached pillow-12.3.0-cp312-cp312-manylinux_2_27_x86_64.manylinux_2_28_x86_64.whl.metadata (9.1 kB)
Collecting scipy (from -r /run/media/mhintermeister/secondary_drive1/comfy/ComfyUI/requirements.txt (line 18))
  Downloading scipy-1.18.1-cp312-cp312-manylinux_2_27_x86_64.manylinux_2_28_x86_64.whl.metadata (62 kB)
Collecting tqdm (from -r /run/media/mhintermeister/secondary_drive1/comfy/ComfyUI/requirements.txt (line 19))
  Using cached tqdm-4.70.0-py3-none-any.whl.metadata (57 kB)
Collecting psutil (from -r /run/media/mhintermeister/secondary_drive1/comfy/ComfyUI/requirements.txt (line 20))
  Using cached psutil-7.2.2-cp36-abi3-manylinux2010_x86_64.manylinux_2_12_x86_64.manylinux_2_28_x86_64.whl.metadata (22 kB)
Collecting alembic (from -r /run/media/mhintermeister/secondary_drive1/comfy/ComfyUI/requirements.txt (line 21))
  Downloading alembic-1.19.1-py3-none-any.whl.metadata (7.3 kB)
Collecting SQLAlchemy>=2.0.0 (from -r /run/media/mhintermeister/secondary_drive1/comfy/ComfyUI/requirements.txt (line 22))
  Downloading sqlalchemy-2.0.52-cp312-cp312-manylinux2014_x86_64.manylinux_2_17_x86_64.manylinux_2_28_x86_64.whl.metadata (9.6 kB)
Collecting filelock (from -r /run/media/mhintermeister/secondary_drive1/comfy/ComfyUI/requirements.txt (line 23))
  Downloading filelock-3.32.4-py3-none-any.whl.metadata (2.0 kB)
Collecting av>=17.0.0 (from -r /run/media/mhintermeister/secondary_drive1/comfy/ComfyUI/requirements.txt (line 24))
  Downloading av-18.1.0-cp311-abi3-manylinux_2_28_x86_64.whl.metadata (5.0 kB)
Collecting comfy-kitchen==0.2.31 (from -r /run/media/mhintermeister/secondary_drive1/comfy/ComfyUI/requirements.txt (line 25))
  Downloading comfy_kitchen-0.2.31-cp312-abi3-manylinux_2_24_x86_64.manylinux_2_28_x86_64.whl.metadata (15 kB)
Collecting comfy-aimdo==0.4.15 (from -r /run/media/mhintermeister/secondary_drive1/comfy/ComfyUI/requirements.txt (line 26))
  Downloading comfy_aimdo-0.4.15-cp39-abi3-manylinux2010_x86_64.manylinux2014_x86_64.manylinux_2_12_x86_64.manylinux_2_17_x86_64.whl.metadata (4.4 kB)
Collecting requests (from -r /run/media/mhintermeister/secondary_drive1/comfy/ComfyUI/requirements.txt (line 27))
  Using cached requests-2.34.2-py3-none-any.whl.metadata (4.8 kB)
Collecting simpleeval>=1.0.0 (from -r /run/media/mhintermeister/secondary_drive1/comfy/ComfyUI/requirements.txt (line 28))
  Downloading simpleeval-1.0.7-py3-none-any.whl.metadata (20 kB)
Collecting blake3 (from -r /run/media/mhintermeister/secondary_drive1/comfy/ComfyUI/requirements.txt (line 29))
  Downloading blake3-1.0.9-cp312-cp312-manylinux_2_17_x86_64.manylinux2014_x86_64.whl.metadata (4.9 kB)
Collecting kornia>=0.7.1 (from -r /run/media/mhintermeister/secondary_drive1/comfy/ComfyUI/requirements.txt (line 32))
  Downloading kornia-0.8.3-py3-none-any.whl.metadata (22 kB)
Collecting spandrel (from -r /run/media/mhintermeister/secondary_drive1/comfy/ComfyUI/requirements.txt (line 33))
  Downloading spandrel-0.4.2-py3-none-any.whl.metadata (15 kB)
Collecting pydantic~=2.0 (from -r /run/media/mhintermeister/secondary_drive1/comfy/ComfyUI/requirements.txt (line 34))
  Using cached pydantic-2.13.4-py3-none-any.whl.metadata (109 kB)
Collecting pydantic-settings~=2.0 (from -r /run/media/mhintermeister/secondary_drive1/comfy/ComfyUI/requirements.txt (line 35))
  Using cached pydantic_settings-2.15.0-py3-none-any.whl.metadata (3.9 kB)
Collecting PyOpenGL>=3.1.8 (from -r /run/media/mhintermeister/secondary_drive1/comfy/ComfyUI/requirements.txt (line 36))
  Downloading pyopengl-3.1.10-py3-none-any.whl.metadata (3.3 kB)
Collecting comfy-angle (from -r /run/media/mhintermeister/secondary_drive1/comfy/ComfyUI/requirements.txt (line 37))
  Downloading comfy_angle-0.1.1-py3-none-manylinux_2_28_x86_64.whl.metadata (2.2 kB)
Collecting comfyui-workflow-templates-core==0.3.322 (from comfyui-workflow-templates==0.11.48->-r /run/media/mhintermeister/secondary_drive1/comfy/ComfyUI/requirements.txt (line 2))
  Downloading comfyui_workflow_templates_core-0.3.322-py3-none-any.whl.metadata (260 bytes)
Collecting comfyui-workflow-templates-json==0.1.57 (from comfyui-workflow-templates==0.11.48->-r /run/media/mhintermeister/secondary_drive1/comfy/ComfyUI/requirements.txt (line 2))
  Downloading comfyui_workflow_templates_json-0.1.57-py3-none-any.whl.metadata (265 bytes)
Collecting comfyui-workflow-templates-media-api==0.3.84 (from comfyui-workflow-templates==0.11.48->-r /run/media/mhintermeister/secondary_drive1/comfy/ComfyUI/requirements.txt (line 2))
  Downloading comfyui_workflow_templates_media_api-0.3.84-py3-none-any.whl.metadata (290 bytes)
Collecting comfyui-workflow-templates-media-video==0.3.101 (from comfyui-workflow-templates==0.11.48->-r /run/media/mhintermeister/secondary_drive1/comfy/ComfyUI/requirements.txt (line 2))
  Downloading comfyui_workflow_templates_media_video-0.3.101-py3-none-any.whl.metadata (283 bytes)
Collecting comfyui-workflow-templates-media-image==0.3.160 (from comfyui-workflow-templates==0.11.48->-r /run/media/mhintermeister/secondary_drive1/comfy/ComfyUI/requirements.txt (line 2))
  Downloading comfyui_workflow_templates_media_image-0.3.160-py3-none-any.whl.metadata (283 bytes)
Collecting comfyui-workflow-templates-media-other==0.3.229 (from comfyui-workflow-templates==0.11.48->-r /run/media/mhintermeister/secondary_drive1/comfy/ComfyUI/requirements.txt (line 2))
  Downloading comfyui_workflow_templates_media_other-0.3.229-py3-none-any.whl.metadata (306 bytes)
Collecting comfyui-workflow-templates-media-assets-01==0.1.35 (from comfyui-workflow-templates==0.11.48->-r /run/media/mhintermeister/secondary_drive1/comfy/ComfyUI/requirements.txt (line 2))
  Downloading comfyui_workflow_templates_media_assets_01-0.1.35-py3-none-any.whl.metadata (290 bytes)
Collecting annotated-types>=0.6.0 (from pydantic~=2.0->-r /run/media/mhintermeister/secondary_drive1/comfy/ComfyUI/requirements.txt (line 34))
  Using cached annotated_types-0.8.0-py3-none-any.whl.metadata (15 kB)
Collecting pydantic-core==2.46.4 (from pydantic~=2.0->-r /run/media/mhintermeister/secondary_drive1/comfy/ComfyUI/requirements.txt (line 34))
  Using cached pydantic_core-2.46.4-cp312-cp312-manylinux_2_17_x86_64.manylinux2014_x86_64.whl.metadata (6.6 kB)
Collecting typing-extensions>=4.14.1 (from pydantic~=2.0->-r /run/media/mhintermeister/secondary_drive1/comfy/ComfyUI/requirements.txt (line 34))
  Using cached typing_extensions-4.16.0-py3-none-any.whl.metadata (3.3 kB)
Collecting typing-inspection>=0.4.2 (from pydantic~=2.0->-r /run/media/mhintermeister/secondary_drive1/comfy/ComfyUI/requirements.txt (line 34))
  Downloading typing_inspection-0.4.4-py3-none-any.whl.metadata (2.6 kB)
Collecting python-dotenv>=0.21.0 (from pydantic-settings~=2.0->-r /run/media/mhintermeister/secondary_drive1/comfy/ComfyUI/requirements.txt (line 35))
  Downloading python_dotenv-1.2.3-py3-none-any.whl.metadata (29 kB)
Collecting setuptools>=77.0.3 (from torch->-r /run/media/mhintermeister/secondary_drive1/comfy/ComfyUI/requirements.txt (line 4))
  Downloading setuptools-84.0.0-py3-none-any.whl.metadata (6.6 kB)
Collecting sympy>=1.13.3 (from torch->-r /run/media/mhintermeister/secondary_drive1/comfy/ComfyUI/requirements.txt (line 4))
  Using cached sympy-1.14.0-py3-none-any.whl.metadata (12 kB)
Collecting networkx>=2.5.1 (from torch->-r /run/media/mhintermeister/secondary_drive1/comfy/ComfyUI/requirements.txt (line 4))
  Using cached networkx-3.6.1-py3-none-any.whl.metadata (6.8 kB)
Collecting jinja2 (from torch->-r /run/media/mhintermeister/secondary_drive1/comfy/ComfyUI/requirements.txt (line 4))
  Using cached jinja2-3.1.6-py3-none-any.whl.metadata (2.9 kB)
Collecting fsspec>=0.8.5 (from torch->-r /run/media/mhintermeister/secondary_drive1/comfy/ComfyUI/requirements.txt (line 4))
  Using cached fsspec-2026.7.0-py3-none-any.whl.metadata (10 kB)
Collecting cuda-toolkit==13.0.3 (from cuda-toolkit[cublas,cudart,cufft,cufile,cupti,curand,cusolver,cusparse,nvjitlink,nvrtc,nvtx]==13.0.3; platform_system == "Linux"->torch->-r /run/media/mhintermeister/secondary_drive1/comfy/ComfyUI/requirements.txt (line 4))
  Using cached cuda_toolkit-13.0.3.0-py2.py3-none-any.whl.metadata (17 kB)
Collecting cuda-bindings<14,>=13.0.3 (from torch->-r /run/media/mhintermeister/secondary_drive1/comfy/ComfyUI/requirements.txt (line 4))
  Using cached cuda_bindings-13.3.1-cp312-cp312-manylinux_2_24_x86_64.manylinux_2_28_x86_64.whl.metadata (2.5 kB)
Collecting nvidia-cudnn-cu13==9.20.0.48 (from torch->-r /run/media/mhintermeister/secondary_drive1/comfy/ComfyUI/requirements.txt (line 4))
  Using cached nvidia_cudnn_cu13-9.20.0.48-py3-none-manylinux_2_27_x86_64.whl.metadata (1.9 kB)
Collecting nvidia-cusparselt-cu13==0.8.1 (from torch->-r /run/media/mhintermeister/secondary_drive1/comfy/ComfyUI/requirements.txt (line 4))
  Using cached nvidia_cusparselt_cu13-0.8.1-py3-none-manylinux2014_x86_64.whl.metadata (12 kB)
Collecting nvidia-nccl-cu13==2.29.7 (from torch->-r /run/media/mhintermeister/secondary_drive1/comfy/ComfyUI/requirements.txt (line 4))
  Using cached nvidia_nccl_cu13-2.29.7-py3-none-manylinux_2_18_x86_64.whl.metadata (2.1 kB)
Collecting nvidia-nvshmem-cu13==3.4.5 (from torch->-r /run/media/mhintermeister/secondary_drive1/comfy/ComfyUI/requirements.txt (line 4))
  Using cached nvidia_nvshmem_cu13-3.4.5-py3-none-manylinux2014_x86_64.manylinux_2_17_x86_64.whl.metadata (2.1 kB)
Collecting triton==3.7.1 (from torch->-r /run/media/mhintermeister/secondary_drive1/comfy/ComfyUI/requirements.txt (line 4))
  Using cached triton-3.7.1-cp312-cp312-manylinux_2_27_x86_64.manylinux_2_28_x86_64.whl.metadata (1.7 kB)
Collecting nvidia-cublas==13.1.1.3.* (from cuda-toolkit[cublas,cudart,cufft,cufile,cupti,curand,cusolver,cusparse,nvjitlink,nvrtc,nvtx]==13.0.3; platform_system == "Linux"->torch->-r /run/media/mhintermeister/secondary_drive1/comfy/ComfyUI/requirements.txt (line 4))
  Using cached nvidia_cublas-13.1.1.3-py3-none-manylinux_2_27_x86_64.whl.metadata (1.8 kB)
Collecting nvidia-cuda-nvrtc==13.0.88.* (from cuda-toolkit[cublas,cudart,cufft,cufile,cupti,curand,cusolver,cusparse,nvjitlink,nvrtc,nvtx]==13.0.3; platform_system == "Linux"->torch->-r /run/media/mhintermeister/secondary_drive1/comfy/ComfyUI/requirements.txt (line 4))
  Using cached nvidia_cuda_nvrtc-13.0.88-py3-none-manylinux2010_x86_64.manylinux_2_12_x86_64.whl.metadata (1.7 kB)
Collecting nvidia-cuda-runtime==13.0.96.* (from cuda-toolkit[cublas,cudart,cufft,cufile,cupti,curand,cusolver,cusparse,nvjitlink,nvrtc,nvtx]==13.0.3; platform_system == "Linux"->torch->-r /run/media/mhintermeister/secondary_drive1/comfy/ComfyUI/requirements.txt (line 4))
  Using cached nvidia_cuda_runtime-13.0.96-py3-none-manylinux2014_x86_64.manylinux_2_17_x86_64.whl.metadata (1.7 kB)
Collecting nvidia-cufft==12.0.0.61.* (from cuda-toolkit[cublas,cudart,cufft,cufile,cupti,curand,cusolver,cusparse,nvjitlink,nvrtc,nvtx]==13.0.3; platform_system == "Linux"->torch->-r /run/media/mhintermeister/secondary_drive1/comfy/ComfyUI/requirements.txt (line 4))
  Using cached nvidia_cufft-12.0.0.61-py3-none-manylinux2014_x86_64.manylinux_2_17_x86_64.whl.metadata (1.8 kB)
Collecting nvidia-nvjitlink<14,>=13.0.88 (from cuda-toolkit[cublas,cudart,cufft,cufile,cupti,curand,cusolver,cusparse,nvjitlink,nvrtc,nvtx]==13.0.3; platform_system == "Linux"->torch->-r /run/media/mhintermeister/secondary_drive1/comfy/ComfyUI/requirements.txt (line 4))
  Using cached nvidia_nvjitlink-13.3.33-py3-none-manylinux2010_x86_64.manylinux_2_12_x86_64.whl.metadata (1.8 kB)
Collecting nvidia-cufile==1.15.1.6.* (from cuda-toolkit[cublas,cudart,cufft,cufile,cupti,curand,cusolver,cusparse,nvjitlink,nvrtc,nvtx]==13.0.3; platform_system == "Linux"->torch->-r /run/media/mhintermeister/secondary_drive1/comfy/ComfyUI/requirements.txt (line 4))
  Using cached nvidia_cufile-1.15.1.6-py3-none-manylinux2014_x86_64.manylinux_2_17_x86_64.whl.metadata (1.7 kB)
Collecting nvidia-cuda-cupti==13.0.85.* (from cuda-toolkit[cublas,cudart,cufft,cufile,cupti,curand,cusolver,cusparse,nvjitlink,nvrtc,nvtx]==13.0.3; platform_system == "Linux"->torch->-r /run/media/mhintermeister/secondary_drive1/comfy/ComfyUI/requirements.txt (line 4))
  Using cached nvidia_cuda_cupti-13.0.85-py3-none-manylinux_2_25_x86_64.whl.metadata (1.7 kB)
Collecting nvidia-curand==10.4.0.35.* (from cuda-toolkit[cublas,cudart,cufft,cufile,cupti,curand,cusolver,cusparse,nvjitlink,nvrtc,nvtx]==13.0.3; platform_system == "Linux"->torch->-r /run/media/mhintermeister/secondary_drive1/comfy/ComfyUI/requirements.txt (line 4))
  Using cached nvidia_curand-10.4.0.35-py3-none-manylinux_2_27_x86_64.whl.metadata (1.7 kB)
Collecting nvidia-cusolver==12.0.4.66.* (from cuda-toolkit[cublas,cudart,cufft,cufile,cupti,curand,cusolver,cusparse,nvjitlink,nvrtc,nvtx]==13.0.3; platform_system == "Linux"->torch->-r /run/media/mhintermeister/secondary_drive1/comfy/ComfyUI/requirements.txt (line 4))
  Using cached nvidia_cusolver-12.0.4.66-py3-none-manylinux_2_27_x86_64.whl.metadata (1.8 kB)
Collecting nvidia-cusparse==12.6.3.3.* (from cuda-toolkit[cublas,cudart,cufft,cufile,cupti,curand,cusolver,cusparse,nvjitlink,nvrtc,nvtx]==13.0.3; platform_system == "Linux"->torch->-r /run/media/mhintermeister/secondary_drive1/comfy/ComfyUI/requirements.txt (line 4))
  Using cached nvidia_cusparse-12.6.3.3-py3-none-manylinux2014_x86_64.manylinux_2_17_x86_64.whl.metadata (1.8 kB)
Collecting nvidia-nvtx==13.0.85.* (from cuda-toolkit[cublas,cudart,cufft,cufile,cupti,curand,cusolver,cusparse,nvjitlink,nvrtc,nvtx]==13.0.3; platform_system == "Linux"->torch->-r /run/media/mhintermeister/secondary_drive1/comfy/ComfyUI/requirements.txt (line 4))
  Using cached nvidia_nvtx-13.0.85-py3-none-manylinux1_x86_64.manylinux_2_5_x86_64.whl.metadata (1.8 kB)
Collecting cuda-pathfinder>=1.4.2 (from cuda-bindings<14,>=13.0.3->torch->-r /run/media/mhintermeister/secondary_drive1/comfy/ComfyUI/requirements.txt (line 4))
  Downloading cuda_pathfinder-1.7.0-py3-none-any.whl.metadata (1.9 kB)
Collecting trampoline>=0.1.2 (from torchsde->-r /run/media/mhintermeister/secondary_drive1/comfy/ComfyUI/requirements.txt (line 5))
  Downloading trampoline-0.1.2-py3-none-any.whl.metadata (10 kB)
Collecting huggingface-hub<2.0,>=1.5.0 (from transformers>=4.50.3->-r /run/media/mhintermeister/secondary_drive1/comfy/ComfyUI/requirements.txt (line 10))
  Downloading huggingface_hub-1.28.0-py3-none-any.whl.metadata (16 kB)
Requirement already satisfied: packaging>=20.0 in /run/media/mhintermeister/secondary_drive1/comfy/ComfyUI/.venv/lib/python3.12/site-packages (from transformers>=4.50.3->-r /run/media/mhintermeister/secondary_drive1/comfy/ComfyUI/requirements.txt (line 10)) (26.3)
Collecting regex>=2025.10.22 (from transformers>=4.50.3->-r /run/media/mhintermeister/secondary_drive1/comfy/ComfyUI/requirements.txt (line 10))
  Using cached regex-2026.7.19-cp312-cp312-manylinux2014_x86_64.manylinux_2_17_x86_64.manylinux_2_28_x86_64.whl.metadata (40 kB)
Collecting typer (from transformers>=4.50.3->-r /run/media/mhintermeister/secondary_drive1/comfy/ComfyUI/requirements.txt (line 10))
  Downloading typer-0.27.1-py3-none-any.whl.metadata (16 kB)
Collecting click<9.0.0,>=8.4.2 (from huggingface-hub<2.0,>=1.5.0->transformers>=4.50.3->-r /run/media/mhintermeister/secondary_drive1/comfy/ComfyUI/requirements.txt (line 10))
  Downloading click-8.5.0-py3-none-any.whl.metadata (2.6 kB)
Collecting hf-xet<2.0.0,>=1.5.2 (from huggingface-hub<2.0,>=1.5.0->transformers>=4.50.3->-r /run/media/mhintermeister/secondary_drive1/comfy/ComfyUI/requirements.txt (line 10))
  Using cached hf_xet-1.6.0-cp38-abi3-manylinux2014_x86_64.manylinux_2_17_x86_64.whl.metadata (4.9 kB)
Collecting httpx<1,>=0.23.0 (from huggingface-hub<2.0,>=1.5.0->transformers>=4.50.3->-r /run/media/mhintermeister/secondary_drive1/comfy/ComfyUI/requirements.txt (line 10))
  Using cached httpx-0.28.1-py3-none-any.whl.metadata (7.1 kB)
Collecting anyio (from httpx<1,>=0.23.0->huggingface-hub<2.0,>=1.5.0->transformers>=4.50.3->-r /run/media/mhintermeister/secondary_drive1/comfy/ComfyUI/requirements.txt (line 10))
  Using cached anyio-4.14.2-py3-none-any.whl.metadata (4.6 kB)
Collecting certifi (from httpx<1,>=0.23.0->huggingface-hub<2.0,>=1.5.0->transformers>=4.50.3->-r /run/media/mhintermeister/secondary_drive1/comfy/ComfyUI/requirements.txt (line 10))
  Using cached certifi-2026.7.22-py3-none-any.whl.metadata (2.5 kB)
Collecting httpcore==1.* (from httpx<1,>=0.23.0->huggingface-hub<2.0,>=1.5.0->transformers>=4.50.3->-r /run/media/mhintermeister/secondary_drive1/comfy/ComfyUI/requirements.txt (line 10))
  Using cached httpcore-1.0.9-py3-none-any.whl.metadata (21 kB)
Collecting idna (from httpx<1,>=0.23.0->huggingface-hub<2.0,>=1.5.0->transformers>=4.50.3->-r /run/media/mhintermeister/secondary_drive1/comfy/ComfyUI/requirements.txt (line 10))
  Downloading idna-3.19-py3-none-any.whl.metadata (9.2 kB)
Collecting h11>=0.16 (from httpcore==1.*->httpx<1,>=0.23.0->huggingface-hub<2.0,>=1.5.0->transformers>=4.50.3->-r /run/media/mhintermeister/secondary_drive1/comfy/ComfyUI/requirements.txt (line 10))
  Using cached h11-0.16.0-py3-none-any.whl.metadata (8.3 kB)
Collecting aiohappyeyeballs>=2.5.0 (from aiohttp>=3.11.8->-r /run/media/mhintermeister/secondary_drive1/comfy/ComfyUI/requirements.txt (line 14))
  Using cached aiohappyeyeballs-2.7.1-py3-none-any.whl.metadata (5.9 kB)
Collecting aiosignal>=1.4.0 (from aiohttp>=3.11.8->-r /run/media/mhintermeister/secondary_drive1/comfy/ComfyUI/requirements.txt (line 14))
  Using cached aiosignal-1.4.0-py3-none-any.whl.metadata (3.7 kB)
Collecting attrs>=17.3.0 (from aiohttp>=3.11.8->-r /run/media/mhintermeister/secondary_drive1/comfy/ComfyUI/requirements.txt (line 14))
  Using cached attrs-26.1.0-py3-none-any.whl.metadata (8.8 kB)
Collecting frozenlist>=1.1.1 (from aiohttp>=3.11.8->-r /run/media/mhintermeister/secondary_drive1/comfy/ComfyUI/requirements.txt (line 14))
  Using cached frozenlist-1.8.0-cp312-cp312-manylinux1_x86_64.manylinux_2_28_x86_64.manylinux_2_5_x86_64.whl.metadata (20 kB)
Collecting multidict<7.0,>=4.5 (from aiohttp>=3.11.8->-r /run/media/mhintermeister/secondary_drive1/comfy/ComfyUI/requirements.txt (line 14))
  Using cached multidict-6.7.1-cp312-cp312-manylinux2014_x86_64.manylinux_2_17_x86_64.manylinux_2_28_x86_64.whl.metadata (5.3 kB)
Collecting propcache>=0.2.0 (from aiohttp>=3.11.8->-r /run/media/mhintermeister/secondary_drive1/comfy/ComfyUI/requirements.txt (line 14))
  Using cached propcache-0.5.2-cp312-cp312-manylinux2014_x86_64.manylinux_2_17_x86_64.manylinux_2_28_x86_64.whl.metadata (16 kB)
Collecting Mako (from alembic->-r /run/media/mhintermeister/secondary_drive1/comfy/ComfyUI/requirements.txt (line 21))
  Using cached mako-1.4.1-py3-none-any.whl.metadata (2.9 kB)
Collecting greenlet>=1 (from SQLAlchemy>=2.0.0->-r /run/media/mhintermeister/secondary_drive1/comfy/ComfyUI/requirements.txt (line 22))
  Downloading greenlet-3.5.5-cp312-cp312-manylinux_2_24_x86_64.manylinux_2_28_x86_64.whl.metadata (3.8 kB)
Collecting charset_normalizer<4,>=2 (from requests->-r /run/media/mhintermeister/secondary_drive1/comfy/ComfyUI/requirements.txt (line 27))
  Downloading charset_normalizer-3.5.1-cp312-cp312-manylinux2014_x86_64.manylinux_2_17_x86_64.manylinux_2_28_x86_64.whl.metadata (45 kB)
Collecting urllib3<3,>=1.26 (from requests->-r /run/media/mhintermeister/secondary_drive1/comfy/ComfyUI/requirements.txt (line 27))
  Using cached urllib3-2.7.0-py3-none-any.whl.metadata (6.9 kB)
Collecting kornia-rs>=0.1.9 (from kornia>=0.7.1->-r /run/media/mhintermeister/secondary_drive1/comfy/ComfyUI/requirements.txt (line 32))
  Downloading kornia_rs-0.1.14-cp312-cp312-manylinux_2_17_x86_64.manylinux2014_x86_64.whl.metadata (15 kB)
Collecting mpmath<1.4,>=1.1.0 (from sympy>=1.13.3->torch->-r /run/media/mhintermeister/secondary_drive1/comfy/ComfyUI/requirements.txt (line 4))
  Using cached mpmath-1.3.0-py3-none-any.whl.metadata (8.6 kB)
Collecting MarkupSafe>=2.0 (from jinja2->torch->-r /run/media/mhintermeister/secondary_drive1/comfy/ComfyUI/requirements.txt (line 4))
  Using cached markupsafe-3.0.3-cp312-cp312-manylinux2014_x86_64.manylinux_2_17_x86_64.manylinux_2_28_x86_64.whl.metadata (2.7 kB)
Collecting shellingham>=1.3.0 (from typer->transformers>=4.50.3->-r /run/media/mhintermeister/secondary_drive1/comfy/ComfyUI/requirements.txt (line 10))
  Using cached shellingham-1.5.4-py2.py3-none-any.whl.metadata (3.5 kB)
Collecting rich>=13.8.0 (from typer->transformers>=4.50.3->-r /run/media/mhintermeister/secondary_drive1/comfy/ComfyUI/requirements.txt (line 10))
  Using cached rich-15.0.0-py3-none-any.whl.metadata (18 kB)
Collecting annotated-doc>=0.0.2 (from typer->transformers>=4.50.3->-r /run/media/mhintermeister/secondary_drive1/comfy/ComfyUI/requirements.txt (line 10))
  Using cached annotated_doc-0.0.5-py3-none-any.whl.metadata (6.5 kB)
Collecting markdown-it-py>=2.2.0 (from rich>=13.8.0->typer->transformers>=4.50.3->-r /run/media/mhintermeister/secondary_drive1/comfy/ComfyUI/requirements.txt (line 10))
  Using cached markdown_it_py-4.2.0-py3-none-any.whl.metadata (7.4 kB)
Collecting pygments<3.0.0,>=2.13.0 (from rich>=13.8.0->typer->transformers>=4.50.3->-r /run/media/mhintermeister/secondary_drive1/comfy/ComfyUI/requirements.txt (line 10))
  Downloading pygments-2.21.0-py3-none-any.whl.metadata (2.5 kB)
Collecting mdurl~=0.1 (from markdown-it-py>=2.2.0->rich>=13.8.0->typer->transformers>=4.50.3->-r /run/media/mhintermeister/secondary_drive1/comfy/ComfyUI/requirements.txt (line 10))
  Using cached mdurl-0.1.2-py3-none-any.whl.metadata (1.6 kB)
Downloading comfyui_frontend_package-1.49.6-py3-none-any.whl (22.3 MB)
   ━━━━━━━━━━━━━━━━━━━━━━━━━━━━━━━━━━━━━━━━ 22.3/22.3 MB 3.9 MB/s  0:00:05
Downloading comfyui_workflow_templates-0.11.48-py3-none-any.whl (10 kB)
Downloading comfyui_embedded_docs-0.5.10-py3-none-any.whl (16.6 MB)
   ━━━━━━━━━━━━━━━━━━━━━━━━━━━━━━━━━━━━━━━━ 16.6/16.6 MB 5.0 MB/s  0:00:03
Downloading comfy_kitchen-0.2.31-cp312-abi3-manylinux_2_24_x86_64.manylinux_2_28_x86_64.whl (58.5 MB)
   ━━━━━━━━━━━━━━━━━━━━━━━━━━━━━━━━━━━━━━━━ 58.5/58.5 MB 6.3 MB/s  0:00:09
Downloading comfy_aimdo-0.4.15-cp39-abi3-manylinux2010_x86_64.manylinux2014_x86_64.manylinux_2_12_x86_64.manylinux_2_17_x86_64.whl (342 kB)
Downloading comfyui_workflow_templates_core-0.3.322-py3-none-any.whl (70 kB)
Downloading comfyui_workflow_templates_json-0.1.57-py3-none-any.whl (3.2 MB)
   ━━━━━━━━━━━━━━━━━━━━━━━━━━━━━━━━━━━━━━━━ 3.2/3.2 MB 6.5 MB/s  0:00:00
Downloading comfyui_workflow_templates_media_api-0.3.84-py3-none-any.whl (100.1 MB)
   ━━━━━━━━━━━━━━━━━━━━━━━━━━━━━━━━━━━━━━━━ 100.1/100.1 MB 7.0 MB/s  0:00:14
Downloading comfyui_workflow_templates_media_assets_01-0.1.35-py3-none-any.whl (60.9 MB)
   ━━━━━━━━━━━━━━━━━━━━━━━━━━━━━━━━━━━━━━━━ 60.9/60.9 MB 5.6 MB/s  0:00:10
Downloading comfyui_workflow_templates_media_image-0.3.160-py3-none-any.whl (89.4 MB)
   ━━━━━━━━━━━━━━━━━━━━━━━━━━━━━━━━━━━━━━━━ 89.4/89.4 MB 7.3 MB/s  0:00:12
Downloading comfyui_workflow_templates_media_other-0.3.229-py3-none-any.whl (89.1 MB)
   ━━━━━━━━━━━━━━━━━━━━━━━━━━━━━━━━━━━━━━━━ 89.1/89.1 MB 5.5 MB/s  0:00:16
Downloading comfyui_workflow_templates_media_video-0.3.101-py3-none-any.whl (104.3 MB)
   ━━━━━━━━━━━━━━━━━━━━━━━━━━━━━━━━━━━━━━━━ 104.3/104.3 MB 7.2 MB/s  0:00:14
Using cached pydantic-2.13.4-py3-none-any.whl (472 kB)
Using cached pydantic_core-2.46.4-cp312-cp312-manylinux_2_17_x86_64.manylinux2014_x86_64.whl (2.1 MB)
Using cached pydantic_settings-2.15.0-py3-none-any.whl (69 kB)
Using cached torch-2.13.0-cp312-cp312-manylinux_2_28_x86_64.whl (526.6 MB)
Using cached cuda_toolkit-13.0.3.0-py2.py3-none-any.whl (2.5 kB)
Using cached nvidia_cudnn_cu13-9.20.0.48-py3-none-manylinux_2_27_x86_64.whl (366.2 MB)
Using cached nvidia_cusparselt_cu13-0.8.1-py3-none-manylinux2014_x86_64.whl (170.1 MB)
Using cached nvidia_nccl_cu13-2.29.7-py3-none-manylinux_2_18_x86_64.whl (206.0 MB)
Using cached nvidia_nvshmem_cu13-3.4.5-py3-none-manylinux2014_x86_64.manylinux_2_17_x86_64.whl (60.4 MB)
Using cached triton-3.7.1-cp312-cp312-manylinux_2_27_x86_64.manylinux_2_28_x86_64.whl (197.7 MB)
Using cached cuda_bindings-13.3.1-cp312-cp312-manylinux_2_24_x86_64.manylinux_2_28_x86_64.whl (6.7 MB)
Using cached nvidia_cublas-13.1.1.3-py3-none-manylinux_2_27_x86_64.whl (423.1 MB)
Using cached nvidia_cuda_cupti-13.0.85-py3-none-manylinux_2_25_x86_64.whl (10.7 MB)
Using cached nvidia_cuda_nvrtc-13.0.88-py3-none-manylinux2010_x86_64.manylinux_2_12_x86_64.whl (90.2 MB)
Using cached nvidia_cuda_runtime-13.0.96-py3-none-manylinux2014_x86_64.manylinux_2_17_x86_64.whl (2.2 MB)
Using cached nvidia_cufft-12.0.0.61-py3-none-manylinux2014_x86_64.manylinux_2_17_x86_64.whl (214.1 MB)
Using cached nvidia_cufile-1.15.1.6-py3-none-manylinux2014_x86_64.manylinux_2_17_x86_64.whl (1.2 MB)
Using cached nvidia_curand-10.4.0.35-py3-none-manylinux_2_27_x86_64.whl (59.5 MB)
Using cached nvidia_cusolver-12.0.4.66-py3-none-manylinux_2_27_x86_64.whl (200.9 MB)
Using cached nvidia_cusparse-12.6.3.3-py3-none-manylinux2014_x86_64.manylinux_2_17_x86_64.whl (145.9 MB)
Using cached nvidia_nvjitlink-13.3.33-py3-none-manylinux2010_x86_64.manylinux_2_12_x86_64.whl (40.7 MB)
Using cached nvidia_nvtx-13.0.85-py3-none-manylinux1_x86_64.manylinux_2_5_x86_64.whl (148 kB)
Downloading torchsde-0.2.6-py3-none-any.whl (61 kB)
Downloading torchvision-0.28.0-cp312-cp312-manylinux_2_28_x86_64.whl (7.7 MB)
   ━━━━━━━━━━━━━━━━━━━━━━━━━━━━━━━━━━━━━━━━ 7.7/7.7 MB 7.9 MB/s  0:00:00
Downloading torchaudio-2.11.0-cp312-cp312-manylinux_2_28_x86_64.whl (1.8 MB)
   ━━━━━━━━━━━━━━━━━━━━━━━━━━━━━━━━━━━━━━━━ 1.8/1.8 MB 8.6 MB/s  0:00:00
Downloading numpy-2.5.2-cp312-cp312-manylinux_2_27_x86_64.manylinux_2_28_x86_64.whl (16.7 MB)
   ━━━━━━━━━━━━━━━━━━━━━━━━━━━━━━━━━━━━━━━━ 16.7/16.7 MB 9.0 MB/s  0:00:01
Downloading einops-0.8.2-py3-none-any.whl (65 kB)
Downloading transformers-5.16.1-py3-none-any.whl (12.1 MB)
   ━━━━━━━━━━━━━━━━━━━━━━━━━━━━━━━━━━━━━━━━ 12.1/12.1 MB 8.0 MB/s  0:00:01
Using cached tokenizers-0.23.1-cp310-abi3-manylinux_2_17_x86_64.manylinux2014_x86_64.whl (3.3 MB)
Downloading huggingface_hub-1.28.0-py3-none-any.whl (793 kB)
   ━━━━━━━━━━━━━━━━━━━━━━━━━━━━━━━━━━━━━━━━ 793.2/793.2 kB 6.4 MB/s  0:00:00
Downloading click-8.5.0-py3-none-any.whl (125 kB)
Using cached hf_xet-1.6.0-cp38-abi3-manylinux2014_x86_64.manylinux_2_17_x86_64.whl (4.5 MB)
Using cached httpx-0.28.1-py3-none-any.whl (73 kB)
Using cached httpcore-1.0.9-py3-none-any.whl (78 kB)
Using cached sentencepiece-0.2.2-cp312-cp312-manylinux_2_27_x86_64.manylinux_2_28_x86_64.whl (1.4 MB)
Using cached safetensors-0.8.0-cp310-abi3-manylinux_2_17_x86_64.manylinux2014_x86_64.whl (516 kB)
Using cached aiohttp-3.14.3-cp312-cp312-manylinux2014_x86_64.manylinux_2_17_x86_64.manylinux_2_28_x86_64.whl (1.8 MB)
Using cached yarl-1.24.5-cp312-cp312-manylinux2014_x86_64.manylinux_2_17_x86_64.manylinux_2_28_x86_64.whl (109 kB)
Using cached multidict-6.7.1-cp312-cp312-manylinux2014_x86_64.manylinux_2_17_x86_64.manylinux_2_28_x86_64.whl (256 kB)
Using cached pyyaml-6.0.3-cp312-cp312-manylinux2014_x86_64.manylinux_2_17_x86_64.manylinux_2_28_x86_64.whl (807 kB)
Using cached pillow-12.3.0-cp312-cp312-manylinux_2_27_x86_64.manylinux_2_28_x86_64.whl (6.9 MB)
Downloading scipy-1.18.1-cp312-cp312-manylinux_2_27_x86_64.manylinux_2_28_x86_64.whl (35.3 MB)
   ━━━━━━━━━━━━━━━━━━━━━━━━━━━━━━━━━━━━━━━━ 35.3/35.3 MB 9.9 MB/s  0:00:03
Using cached tqdm-4.70.0-py3-none-any.whl (80 kB)
Using cached psutil-7.2.2-cp36-abi3-manylinux2010_x86_64.manylinux_2_12_x86_64.manylinux_2_28_x86_64.whl (155 kB)
Downloading alembic-1.19.1-py3-none-any.whl (265 kB)
Downloading sqlalchemy-2.0.52-cp312-cp312-manylinux2014_x86_64.manylinux_2_17_x86_64.manylinux_2_28_x86_64.whl (3.4 MB)
   ━━━━━━━━━━━━━━━━━━━━━━━━━━━━━━━━━━━━━━━━ 3.4/3.4 MB 8.3 MB/s  0:00:00
Downloading filelock-3.32.4-py3-none-any.whl (99 kB)
Downloading av-18.1.0-cp311-abi3-manylinux_2_28_x86_64.whl (35.8 MB)
   ━━━━━━━━━━━━━━━━━━━━━━━━━━━━━━━━━━━━━━━━ 35.8/35.8 MB 7.3 MB/s  0:00:04
Using cached requests-2.34.2-py3-none-any.whl (73 kB)
Downloading charset_normalizer-3.5.1-cp312-cp312-manylinux2014_x86_64.manylinux_2_17_x86_64.manylinux_2_28_x86_64.whl (248 kB)
Downloading idna-3.19-py3-none-any.whl (68 kB)
Using cached urllib3-2.7.0-py3-none-any.whl (131 kB)
Downloading simpleeval-1.0.7-py3-none-any.whl (18 kB)
Downloading blake3-1.0.9-cp312-cp312-manylinux_2_17_x86_64.manylinux2014_x86_64.whl (383 kB)
Downloading kornia-0.8.3-py3-none-any.whl (1.2 MB)
   ━━━━━━━━━━━━━━━━━━━━━━━━━━━━━━━━━━━━━━━━ 1.2/1.2 MB 6.7 MB/s  0:00:00
Downloading spandrel-0.4.2-py3-none-any.whl (320 kB)
Downloading pyopengl-3.1.10-py3-none-any.whl (3.2 MB)
   ━━━━━━━━━━━━━━━━━━━━━━━━━━━━━━━━━━━━━━━━ 3.2/3.2 MB 8.5 MB/s  0:00:00
Downloading comfy_angle-0.1.1-py3-none-manylinux_2_28_x86_64.whl (5.1 MB)
   ━━━━━━━━━━━━━━━━━━━━━━━━━━━━━━━━━━━━━━━━ 5.1/5.1 MB 7.5 MB/s  0:00:00
Using cached aiohappyeyeballs-2.7.1-py3-none-any.whl (15 kB)
Using cached aiosignal-1.4.0-py3-none-any.whl (7.5 kB)
Using cached annotated_types-0.8.0-py3-none-any.whl (13 kB)
Using cached attrs-26.1.0-py3-none-any.whl (67 kB)
Using cached certifi-2026.7.22-py3-none-any.whl (136 kB)
Downloading cuda_pathfinder-1.7.0-py3-none-any.whl (63 kB)
Using cached frozenlist-1.8.0-cp312-cp312-manylinux1_x86_64.manylinux_2_28_x86_64.manylinux_2_5_x86_64.whl (242 kB)
Using cached fsspec-2026.7.0-py3-none-any.whl (206 kB)
Downloading greenlet-3.5.5-cp312-cp312-manylinux_2_24_x86_64.manylinux_2_28_x86_64.whl (621 kB)
   ━━━━━━━━━━━━━━━━━━━━━━━━━━━━━━━━━━━━━━━━ 621.4/621.4 kB 11.5 MB/s  0:00:00
Using cached h11-0.16.0-py3-none-any.whl (37 kB)
Downloading kornia_rs-0.1.14-cp312-cp312-manylinux_2_17_x86_64.manylinux2014_x86_64.whl (3.7 MB)
   ━━━━━━━━━━━━━━━━━━━━━━━━━━━━━━━━━━━━━━━━ 3.7/3.7 MB 8.6 MB/s  0:00:00
Using cached networkx-3.6.1-py3-none-any.whl (2.1 MB)
Using cached propcache-0.5.2-cp312-cp312-manylinux2014_x86_64.manylinux_2_17_x86_64.manylinux_2_28_x86_64.whl (61 kB)
Downloading python_dotenv-1.2.3-py3-none-any.whl (22 kB)
Using cached regex-2026.7.19-cp312-cp312-manylinux2014_x86_64.manylinux_2_17_x86_64.manylinux_2_28_x86_64.whl (801 kB)
Downloading setuptools-84.0.0-py3-none-any.whl (818 kB)
   ━━━━━━━━━━━━━━━━━━━━━━━━━━━━━━━━━━━━━━━━ 818.2/818.2 kB 5.5 MB/s  0:00:00
Using cached sympy-1.14.0-py3-none-any.whl (6.3 MB)
Using cached mpmath-1.3.0-py3-none-any.whl (536 kB)
Downloading trampoline-0.1.2-py3-none-any.whl (5.2 kB)
Using cached typing_extensions-4.16.0-py3-none-any.whl (45 kB)
Downloading typing_inspection-0.4.4-py3-none-any.whl (14 kB)
Using cached anyio-4.14.2-py3-none-any.whl (125 kB)
Using cached jinja2-3.1.6-py3-none-any.whl (134 kB)
Using cached markupsafe-3.0.3-cp312-cp312-manylinux2014_x86_64.manylinux_2_17_x86_64.manylinux_2_28_x86_64.whl (22 kB)
Using cached mako-1.4.1-py3-none-any.whl (80 kB)
Downloading typer-0.27.1-py3-none-any.whl (122 kB)
Using cached annotated_doc-0.0.5-py3-none-any.whl (5.3 kB)
Using cached rich-15.0.0-py3-none-any.whl (310 kB)
Downloading pygments-2.21.0-py3-none-any.whl (1.3 MB)
   ━━━━━━━━━━━━━━━━━━━━━━━━━━━━━━━━━━━━━━━━ 1.3/1.3 MB 9.5 MB/s  0:00:00
Using cached markdown_it_py-4.2.0-py3-none-any.whl (91 kB)
Using cached mdurl-0.1.2-py3-none-any.whl (10.0 kB)
Using cached shellingham-1.5.4-py2.py3-none-any.whl (9.8 kB)
Installing collected packages: trampoline, torchaudio, PyOpenGL, nvidia-cusparselt-cu13, mpmath, cuda-toolkit, urllib3, typing-extensions, triton, tqdm, sympy, simpleeval, shellingham, setuptools, sentencepiece, safetensors, regex, pyyaml, python-dotenv, pygments, psutil, propcache, Pillow, nvidia-nvtx, nvidia-nvshmem-cu13, nvidia-nvjitlink, nvidia-nccl-cu13, nvidia-curand, nvidia-cufile, nvidia-cuda-runtime, nvidia-cuda-nvrtc, nvidia-cuda-cupti, numpy, networkx, multidict, mdurl, MarkupSafe, kornia-rs, idna, hf-xet, h11, greenlet, fsspec, frozenlist, filelock, einops, cuda-pathfinder, comfyui-workflow-templates-media-video, comfyui-workflow-templates-media-other, comfyui-workflow-templates-media-image, comfyui-workflow-templates-media-assets-01, comfyui-workflow-templates-media-api, comfyui-workflow-templates-json, comfyui-workflow-templates-core, comfyui-frontend-package, comfyui-embedded-docs, comfy-kitchen, comfy-angle, comfy-aimdo, click, charset_normalizer, certifi, blake3, av, attrs, annotated-types, annotated-doc, aiohappyeyeballs, yarl, typing-inspection, SQLAlchemy, scipy, requests, pydantic-core, nvidia-cusparse, nvidia-cufft, nvidia-cublas, markdown-it-py, Mako, jinja2, httpcore, cuda-bindings, comfyui-workflow-templates, anyio, aiosignal, rich, pydantic, nvidia-cusolver, nvidia-cudnn-cu13, httpx, alembic, aiohttp, typer, pydantic-settings, huggingface-hub, torch, tokenizers, transformers, torchvision, torchsde, kornia, spandrel

Successfully installed Mako-1.4.1 MarkupSafe-3.0.3 Pillow-12.3.0 PyOpenGL-3.1.10 SQLAlchemy-2.0.52 aiohappyeyeballs-2.7.1 aiohttp-3.14.3 aiosignal-1.4.0 alembic-1.19.1 annotated-doc-0.0.5 annotated-types-0.8.0 anyio-4.14.2 attrs-26.1.0 av-18.1.0 blake3-1.0.9 certifi-2026.7.22 charset_normalizer-3.5.1 click-8.5.0 comfy-aimdo-0.4.15 comfy-angle-0.1.1 comfy-kitchen-0.2.31 comfyui-embedded-docs-0.5.10 comfyui-frontend-package-1.49.6 comfyui-workflow-templates-0.11.48 comfyui-workflow-templates-core-0.3.322 comfyui-workflow-templates-json-0.1.57 comfyui-workflow-templates-media-api-0.3.84 comfyui-workflow-templates-media-assets-01-0.1.35 comfyui-workflow-templates-media-image-0.3.160 comfyui-workflow-templates-media-other-0.3.229 comfyui-workflow-templates-media-video-0.3.101 cuda-bindings-13.3.1 cuda-pathfinder-1.7.0 cuda-toolkit-13.0.3.0 einops-0.8.2 filelock-3.32.4 frozenlist-1.8.0 fsspec-2026.7.0 greenlet-3.5.5 h11-0.16.0 hf-xet-1.6.0 httpcore-1.0.9 httpx-0.28.1 huggingface-hub-1.28.0 idna-3.19 jinja2-3.1.6 kornia-0.8.3 kornia-rs-0.1.14 markdown-it-py-4.2.0 mdurl-0.1.2 mpmath-1.3.0 multidict-6.7.1 networkx-3.6.1 numpy-2.5.2 nvidia-cublas-13.1.1.3 nvidia-cuda-cupti-13.0.85 nvidia-cuda-nvrtc-13.0.88 nvidia-cuda-runtime-13.0.96 nvidia-cudnn-cu13-9.20.0.48 nvidia-cufft-12.0.0.61 nvidia-cufile-1.15.1.6 nvidia-curand-10.4.0.35 nvidia-cusolver-12.0.4.66 nvidia-cusparse-12.6.3.3 nvidia-cusparselt-cu13-0.8.1 nvidia-nccl-cu13-2.29.7 nvidia-nvjitlink-13.3.33 nvidia-nvshmem-cu13-3.4.5 nvidia-nvtx-13.0.85 propcache-0.5.2 psutil-7.2.2 pydantic-2.13.4 pydantic-core-2.46.4 pydantic-settings-2.15.0 pygments-2.21.0 python-dotenv-1.2.3 pyyaml-6.0.3 regex-2026.7.19 requests-2.34.2 rich-15.0.0 safetensors-0.8.0 scipy-1.18.1 sentencepiece-0.2.2 setuptools-84.0.0 shellingham-1.5.4 simpleeval-1.0.7 spandrel-0.4.2 sympy-1.14.0 tokenizers-0.23.1 torch-2.13.0 torchaudio-2.11.0 torchsde-0.2.6 torchvision-0.28.0 tqdm-4.70.0 trampoline-0.1.2 transformers-5.16.1 triton-3.7.1 typer-0.27.1 typing-extensions-4.16.0 typing-inspection-0.4.4 urllib3-2.7.0 yarl-1.24.5
[11:15:41] comfy reqs ok
[11:15:41] cloning node ComfyUI-layerdiffuse
Cloning into '/run/media/mhintermeister/secondary_drive1/comfy/ComfyUI/custom_nodes/ComfyUI-layerdiffuse'...
Collecting diffusers>=0.29.0 (from -r /run/media/mhintermeister/secondary_drive1/comfy/ComfyUI/custom_nodes/ComfyUI-layerdiffuse/requirements.txt (line 1))
  Downloading diffusers-0.40.0-py3-none-any.whl.metadata (20 kB)
Collecting opencv-python (from -r /run/media/mhintermeister/secondary_drive1/comfy/ComfyUI/custom_nodes/ComfyUI-layerdiffuse/requirements.txt (line 2))
  Downloading opencv_python-5.0.0.93-cp37-abi3-manylinux_2_28_x86_64.whl.metadata (19 kB)
Collecting importlib_metadata (from diffusers>=0.29.0->-r /run/media/mhintermeister/secondary_drive1/comfy/ComfyUI/custom_nodes/ComfyUI-layerdiffuse/requirements.txt (line 1))
  Using cached importlib_metadata-9.0.0-py3-none-any.whl.metadata (4.5 kB)
Requirement already satisfied: filelock in /run/media/mhintermeister/secondary_drive1/comfy/ComfyUI/.venv/lib/python3.12/site-packages (from diffusers>=0.29.0->-r /run/media/mhintermeister/secondary_drive1/comfy/ComfyUI/custom_nodes/ComfyUI-layerdiffuse/requirements.txt (line 1)) (3.32.4)
Requirement already satisfied: httpx<1.0.0 in /run/media/mhintermeister/secondary_drive1/comfy/ComfyUI/.venv/lib/python3.12/site-packages (from diffusers>=0.29.0->-r /run/media/mhintermeister/secondary_drive1/comfy/ComfyUI/custom_nodes/ComfyUI-layerdiffuse/requirements.txt (line 1)) (0.28.1)
Requirement already satisfied: huggingface-hub<2.0,>=1.23.0 in /run/media/mhintermeister/secondary_drive1/comfy/ComfyUI/.venv/lib/python3.12/site-packages (from diffusers>=0.29.0->-r /run/media/mhintermeister/secondary_drive1/comfy/ComfyUI/custom_nodes/ComfyUI-layerdiffuse/requirements.txt (line 1)) (1.28.0)
Requirement already satisfied: numpy in /run/media/mhintermeister/secondary_drive1/comfy/ComfyUI/.venv/lib/python3.12/site-packages (from diffusers>=0.29.0->-r /run/media/mhintermeister/secondary_drive1/comfy/ComfyUI/custom_nodes/ComfyUI-layerdiffuse/requirements.txt (line 1)) (2.5.2)
Requirement already satisfied: regex!=2019.12.17 in /run/media/mhintermeister/secondary_drive1/comfy/ComfyUI/.venv/lib/python3.12/site-packages (from diffusers>=0.29.0->-r /run/media/mhintermeister/secondary_drive1/comfy/ComfyUI/custom_nodes/ComfyUI-layerdiffuse/requirements.txt (line 1)) (2026.7.19)
Requirement already satisfied: requests in /run/media/mhintermeister/secondary_drive1/comfy/ComfyUI/.venv/lib/python3.12/site-packages (from diffusers>=0.29.0->-r /run/media/mhintermeister/secondary_drive1/comfy/ComfyUI/custom_nodes/ComfyUI-layerdiffuse/requirements.txt (line 1)) (2.34.2)
Requirement already satisfied: safetensors>=0.8.0 in /run/media/mhintermeister/secondary_drive1/comfy/ComfyUI/.venv/lib/python3.12/site-packages (from diffusers>=0.29.0->-r /run/media/mhintermeister/secondary_drive1/comfy/ComfyUI/custom_nodes/ComfyUI-layerdiffuse/requirements.txt (line 1)) (0.8.0)
Requirement already satisfied: Pillow in /run/media/mhintermeister/secondary_drive1/comfy/ComfyUI/.venv/lib/python3.12/site-packages (from diffusers>=0.29.0->-r /run/media/mhintermeister/secondary_drive1/comfy/ComfyUI/custom_nodes/ComfyUI-layerdiffuse/requirements.txt (line 1)) (12.3.0)
Requirement already satisfied: anyio in /run/media/mhintermeister/secondary_drive1/comfy/ComfyUI/.venv/lib/python3.12/site-packages (from httpx<1.0.0->diffusers>=0.29.0->-r /run/media/mhintermeister/secondary_drive1/comfy/ComfyUI/custom_nodes/ComfyUI-layerdiffuse/requirements.txt (line 1)) (4.14.2)
Requirement already satisfied: certifi in /run/media/mhintermeister/secondary_drive1/comfy/ComfyUI/.venv/lib/python3.12/site-packages (from httpx<1.0.0->diffusers>=0.29.0->-r /run/media/mhintermeister/secondary_drive1/comfy/ComfyUI/custom_nodes/ComfyUI-layerdiffuse/requirements.txt (line 1)) (2026.7.22)
Requirement already satisfied: httpcore==1.* in /run/media/mhintermeister/secondary_drive1/comfy/ComfyUI/.venv/lib/python3.12/site-packages (from httpx<1.0.0->diffusers>=0.29.0->-r /run/media/mhintermeister/secondary_drive1/comfy/ComfyUI/custom_nodes/ComfyUI-layerdiffuse/requirements.txt (line 1)) (1.0.9)
Requirement already satisfied: idna in /run/media/mhintermeister/secondary_drive1/comfy/ComfyUI/.venv/lib/python3.12/site-packages (from httpx<1.0.0->diffusers>=0.29.0->-r /run/media/mhintermeister/secondary_drive1/comfy/ComfyUI/custom_nodes/ComfyUI-layerdiffuse/requirements.txt (line 1)) (3.19)
Requirement already satisfied: h11>=0.16 in /run/media/mhintermeister/secondary_drive1/comfy/ComfyUI/.venv/lib/python3.12/site-packages (from httpcore==1.*->httpx<1.0.0->diffusers>=0.29.0->-r /run/media/mhintermeister/secondary_drive1/comfy/ComfyUI/custom_nodes/ComfyUI-layerdiffuse/requirements.txt (line 1)) (0.16.0)
Requirement already satisfied: click<9.0.0,>=8.4.2 in /run/media/mhintermeister/secondary_drive1/comfy/ComfyUI/.venv/lib/python3.12/site-packages (from huggingface-hub<2.0,>=1.23.0->diffusers>=0.29.0->-r /run/media/mhintermeister/secondary_drive1/comfy/ComfyUI/custom_nodes/ComfyUI-layerdiffuse/requirements.txt (line 1)) (8.5.0)
Requirement already satisfied: fsspec>=2023.5.0 in /run/media/mhintermeister/secondary_drive1/comfy/ComfyUI/.venv/lib/python3.12/site-packages (from huggingface-hub<2.0,>=1.23.0->diffusers>=0.29.0->-r /run/media/mhintermeister/secondary_drive1/comfy/ComfyUI/custom_nodes/ComfyUI-layerdiffuse/requirements.txt (line 1)) (2026.7.0)
Requirement already satisfied: hf-xet<2.0.0,>=1.5.2 in /run/media/mhintermeister/secondary_drive1/comfy/ComfyUI/.venv/lib/python3.12/site-packages (from huggingface-hub<2.0,>=1.23.0->diffusers>=0.29.0->-r /run/media/mhintermeister/secondary_drive1/comfy/ComfyUI/custom_nodes/ComfyUI-layerdiffuse/requirements.txt (line 1)) (1.6.0)
Requirement already satisfied: packaging>=20.9 in /run/media/mhintermeister/secondary_drive1/comfy/ComfyUI/.venv/lib/python3.12/site-packages (from huggingface-hub<2.0,>=1.23.0->diffusers>=0.29.0->-r /run/media/mhintermeister/secondary_drive1/comfy/ComfyUI/custom_nodes/ComfyUI-layerdiffuse/requirements.txt (line 1)) (26.3)
Requirement already satisfied: pyyaml>=5.1 in /run/media/mhintermeister/secondary_drive1/comfy/ComfyUI/.venv/lib/python3.12/site-packages (from huggingface-hub<2.0,>=1.23.0->diffusers>=0.29.0->-r /run/media/mhintermeister/secondary_drive1/comfy/ComfyUI/custom_nodes/ComfyUI-layerdiffuse/requirements.txt (line 1)) (6.0.3)
Requirement already satisfied: tqdm>=4.42.1 in /run/media/mhintermeister/secondary_drive1/comfy/ComfyUI/.venv/lib/python3.12/site-packages (from huggingface-hub<2.0,>=1.23.0->diffusers>=0.29.0->-r /run/media/mhintermeister/secondary_drive1/comfy/ComfyUI/custom_nodes/ComfyUI-layerdiffuse/requirements.txt (line 1)) (4.70.0)
Requirement already satisfied: typing-extensions>=4.1.0 in /run/media/mhintermeister/secondary_drive1/comfy/ComfyUI/.venv/lib/python3.12/site-packages (from huggingface-hub<2.0,>=1.23.0->diffusers>=0.29.0->-r /run/media/mhintermeister/secondary_drive1/comfy/ComfyUI/custom_nodes/ComfyUI-layerdiffuse/requirements.txt (line 1)) (4.16.0)
Collecting zipp>=3.20 (from importlib_metadata->diffusers>=0.29.0->-r /run/media/mhintermeister/secondary_drive1/comfy/ComfyUI/custom_nodes/ComfyUI-layerdiffuse/requirements.txt (line 1))
  Using cached zipp-4.1.0-py3-none-any.whl.metadata (3.6 kB)
Requirement already satisfied: charset_normalizer<4,>=2 in /run/media/mhintermeister/secondary_drive1/comfy/ComfyUI/.venv/lib/python3.12/site-packages (from requests->diffusers>=0.29.0->-r /run/media/mhintermeister/secondary_drive1/comfy/ComfyUI/custom_nodes/ComfyUI-layerdiffuse/requirements.txt (line 1)) (3.5.1)
Requirement already satisfied: urllib3<3,>=1.26 in /run/media/mhintermeister/secondary_drive1/comfy/ComfyUI/.venv/lib/python3.12/site-packages (from requests->diffusers>=0.29.0->-r /run/media/mhintermeister/secondary_drive1/comfy/ComfyUI/custom_nodes/ComfyUI-layerdiffuse/requirements.txt (line 1)) (2.7.0)
Downloading diffusers-0.40.0-py3-none-any.whl (5.9 MB)
   ━━━━━━━━━━━━━━━━━━━━━━━━━━━━━━━━━━━━━━━━ 5.9/5.9 MB 2.3 MB/s  0:00:02
Downloading opencv_python-5.0.0.93-cp37-abi3-manylinux_2_28_x86_64.whl (73.8 MB)
   ━━━━━━━━━━━━━━━━━━━━━━━━━━━━━━━━━━━━━━━━ 73.8/73.8 MB 5.2 MB/s  0:00:14
Using cached importlib_metadata-9.0.0-py3-none-any.whl (27 kB)
Using cached zipp-4.1.0-py3-none-any.whl (10 kB)
Installing collected packages: zipp, opencv-python, importlib_metadata, diffusers

Successfully installed diffusers-0.40.0 importlib_metadata-9.0.0 opencv-python-5.0.0.93 zipp-4.1.0
[11:16:04] cloning node ComfyUI_PixelArt_Detector
Cloning into '/run/media/mhintermeister/secondary_drive1/comfy/ComfyUI/custom_nodes/ComfyUI_PixelArt_Detector'...
fatal: could not read Username for 'https://github.com': No such device or address
[11:16:04]   downloading sd_xl_base_1.0.safetensors ...
  % Total    % Received % Xferd  Average Speed  Time    Time    Time   Current
                                 Dload  Upload  Total   Spent   Left   Speed
  0      0   0      0   0      0      0      0                              0100   1026 100   1026   0      0   2501      0                              0100   1026 100   1026   0      0   2500      0                              0
  0      0   0      0   0      0      0      0                              0  0  6.46G   0  3.12M   0      0  2.21M      0   49:46   00:01   49:45  3.12M  0  6.46G   0 11.35M   0      0  4.66M      0   23:37   00:02   23:35  5.61M  0  6.46G   0 19.78M   0      0  5.76M      0   19:07   00:03   19:04  6.55M  0  6.46G   0 28.34M   0      0  6.39M      0   17:14   00:04   17:10  7.05M  0  6.46G   0 34.02M   0      0  6.12M      0   18:00   00:05   17:55  6.61M  0  6.46G   0 47.01M   0      0  7.16M      0   15:23   00:06   15:17  8.52M  0  6.46G   0 56.79M   0      0  7.51M      0   14:40   00:07   14:33  8.86M  0  6.46G   0 61.34M   0      0  7.16M      0   15:23   00:08   15:15  8.09M  1  6.46G   1 68.35M   0      0  7.13M      0   15:26   00:09   15:17  7.77M  1  6.46G   1 75.60M   0      0  7.13M      0   15:27   00:10   15:17  8.25M  1  6.46G   1 80.83M   0      0  6.95M      0   15:50   00:11   15:39  6.69M  1  6.46G   1 85.07M   0      0  6.73M      0   16:22   00:12   16:10  5.57M  1  6.46G   1 89.57M   0      0  6.56M      0   16:47   00:13   16:34  5.55M  1  6.46G   1 94.32M   0      0  6.43M      0   17:07   00:14   16:53  5.11M  1  6.46G   1 101.1M   0      0  6.46M      0   17:03   00:15   16:48  5.05M  1  6.46G   1 107.5M   0      0  6.46M      0   17:03   00:16   16:47  5.31M  1  6.46G   1 115.4M   0      0  6.53M      0   16:51   00:17   16:34  6.04M  1  6.46G   1 122.7M   0      0  6.58M      0   16:45   00:18   16:27  6.62M  1  6.46G   1 129.4M   0      0  6.58M      0   16:44   00:19   16:25  7.01M  2  6.46G   2 136.4M   0      0  6.60M      0   16:41   00:20   16:21  7.04M  2  6.46G   2 144.5M   0      0  6.67M      0   16:31   00:21   16:10  7.37M  2  6.46G   2 149.8M   0      0  6.61M      0   16:40   00:22   16:18  6.87M  2  6.46G   2 158.8M   0      0  6.70M      0   16:26   00:23   16:03  7.19M  2  6.46G   2 169.2M   0      0  6.85M      0   16:04   00:24   15:40  7.93M  2  6.46G   2 180.1M   0      0  7.01M      0   15:42   00:25   15:17  8.73M  2  6.46G   2 194.1M   0      0  7.28M      0   15:08   00:26   14:42  9.92M  3  6.46G   3 209.4M   0      0  7.56M      0   14:34   00:27   14:07 11.88M  3  6.46G   3 224.4M   0      0  7.82M      0   14:05   00:28   13:37 13.10M  3  6.46G   3 237.6M   0      0  8.00M      0   13:46   00:29   13:17 13.64M  3  6.46G   3 252.4M   0      0  8.22M      0   13:24   00:30   12:54 14.38M  4  6.46G   4 267.6M   0      0  8.44M      0   13:03   00:31   12:32 14.63M  4  6.46G   4 281.6M   0      0  8.61M      0   12:47   00:32   12:15 14.40M  4  6.46G   4 295.9M   0      0  8.78M      0   12:33   00:33   12:00 14.24M  4  6.46G   4 308.6M   0      0  8.89M      0   12:23   00:34   11:49 14.17M  4  6.46G   4 322.5M   0      0  9.03M      0   12:12   00:35   11:37 13.96M  5  6.46G   5 332.2M   0      0  9.04M      0   12:11   00:36   11:35 12.85M  5  6.46G   5 344.5M   0      0  9.13M      0   12:04   00:37   11:27 12.51M  5  6.46G   5 357.0M   0      0  9.22M      0   11:57   00:38   11:19 12.18M  5  6.46G   5 364.5M   0      0  9.17M      0   12:00   00:39   11:21 11.11M  5  6.46G   5 377.7M   0      0  9.26M      0   11:54   00:40   11:14 10.92M  5  6.46G   5 393.0M   0      0  9.41M      0   11:43   00:41   11:02 12.03M  6  6.46G   6 407.6M   0      0  9.53M      0   11:34   00:42   10:52 12.50M  6  6.46G   6 422.7M   0      0  9.65M      0   11:24   00:43   10:41 13.00M  6  6.46G   6 437.4M   0      0  9.76M      0   11:17   00:44   10:33 14.42M  6  6.46G   6 452.0M   0      0  9.87M      0   11:09   00:45   10:24 14.83M  7  6.46G   7 466.0M   0      0  9.95M      0   11:04   00:46   10:18 14.46M  7  6.46G   7 479.0M   0      0 10.01M      0   11:00   00:47   10:13 14.14M  7  6.46G   7 494.9M   0      0 10.14M      0   10:52   00:48   10:04 14.31M  7  6.46G   7 508.9M   0      0 10.21M      0   10:47   00:49   09:58 14.20M  7  6.46G   7 521.2M   0      0 10.25M      0   10:45   00:50   09:55 13.72M  8  6.46G   8 535.6M   0      0 10.33M      0   10:39   00:51   09:48 13.91M  8  6.46G   8 550.1M   0      0 10.41M      0   10:35   00:52   09:43 14.22M  8  6.46G   8 564.5M   0      0 10.49M      0   10:30   00:53   09:37 13.90M  8  6.46G   8 578.7M   0      0 10.55M      0   10:26   00:54   09:32 13.93M  8  6.46G   8 591.3M   0      0 10.59M      0   10:24   00:55   09:29 14.01M  9  6.46G   9 605.6M   0      0 10.66M      0   10:20   00:56   09:24 13.99M  9  6.46G   9 613.9M   0      0 10.61M      0   10:23   00:57   09:26 12.75M  9  6.46G   9 627.8M   0      0 10.67M      0   10:19   00:58   09:21 12.66M  9  6.46G   9 641.6M   0      0 10.72M      0   10:16   00:59   09:17 12.59M  9  6.46G   9 655.6M   0      0 10.78M      0   10:13   01:00   09:13 12.86M 10  6.46G  10 669.7M   0      0 10.83M      0   10:10   01:01   09:09 12.81M 10  6.46G  10 684.7M   0      0 10.89M      0   10:07   01:02   09:05 14.13M 10  6.46G  10 696.1M   0      0 10.90M      0   10:06   01:03   09:03 13.61M 10  6.46G  10 704.3M   0      0 10.78M      0   10:13   01:05   09:08 11.35M 10  6.46G  10 721.6M   0      0 10.87M      0   10:08   01:06   09:02 11.94M 11  6.46G  11 736.4M   0      0 10.93M      0   10:04   01:07   08:57 12.07M 11  6.46G  11 747.2M   0      0 10.93M      0   10:05   01:08   08:57 11.32M 11  6.46G  11 761.8M   0      0 10.98M      0   10:02   01:09   08:53 11.90M 11  6.46G  11 776.7M   0      0 11.04M      0   09:59   01:10   08:49 14.46M 11  6.46G  11 790.8M   0      0 11.08M      0   09:56   01:11   08:45 13.82M 12  6.46G  12 805.2M   0      0 11.13M      0   09:54   01:12   08:42 13.74M 12  6.46G  12 819.5M   0      0 11.17M      0   09:52   01:13   08:39 14.45M 12  6.46G  12 832.8M   0      0 11.20M      0   09:50   01:14   08:36 14.21M 12  6.46G  12 847.5M   0      0 11.25M      0   09:48   01:15   08:33 14.16M 13  6.46G  13 862.4M   0      0 11.29M      0   09:45   01:16   08:29 14.33M 13  6.46G  13 873.5M   0      0 11.29M      0   09:45   01:17   08:28 13.67M 13  6.46G  13 882.7M   0      0 11.26M      0   09:47   01:18   08:29 12.65M 13  6.46G  13 897.4M   0      0 11.31M      0   09:44   01:19   08:25 12.92M 13  6.46G  13 910.3M   0      0 11.33M      0   09:43   01:20   08:23 12.55M 13  6.46G  13 921.1M   0      0 11.27M      0   09:46   01:21   08:25 10.91M 14  6.46G  14 944.5M   0      0 11.41M      0   09:39   01:22   08:17 13.20M 14  6.46G  14 959.7M   0      0 11.44M      0   09:38   01:23   08:15 13.89M 14  6.46G  14 979.4M   0      0 11.54M      0   09:33   01:24   08:09 14.81M 15  6.46G  15 993.3M   0      0 11.56M      0   09:32   01:25   08:07 14.98M 15  6.46G  15  0.98G   0      0 11.60M      0   09:30   01:26   08:04 16.89M 15  6.46G  15  0.99G   0      0 11.64M      0   09:28   01:27   08:01 15.28M 15  6.46G  15  1.00G   0      0 11.62M      0   09:29   01:28   08:01 14.74M 15  6.46G  15  1.02G   0      0 11.66M      0   09:27   01:29   07:58 13.77M 16  6.46G  16  1.03G   0      0 11.69M      0   09:25   01:30   07:55 13.96M 16  6.46G  16  1.04G   0      0 11.70M      0   09:25   01:31   07:54 13.36M 16  6.46G  16  1.06G   0      0 11.75M      0   09:22   01:32   07:50 13.63M 16  6.46G  16  1.07G   0      0 11.73M      0   09:23   01:33   07:50 13.64M 16  6.46G  16  1.08G   0      0 11.75M      0   09:22   01:34   07:48 13.34M 17  6.46G  17  1.10G   0      0 11.77M      0   09:22   01:35   07:47 13.06M 17  6.46G  17  1.11G   0      0 11.80M      0   09:20   01:36   07:44 13.57M 17  6.46G  17  1.13G   0      0 11.82M      0   09:19   01:37   07:42 13.11M 17  6.46G  17  1.14G   0      0 11.80M      0   09:20   01:38   07:42 13.18M 17  6.46G  17  1.15G   0      0 11.83M      0   09:19   01:39   07:40 13.30M 18  6.46G  18  1.16G   0      0 11.84M      0   09:18   01:40   07:38 13.30M 18  6.46G  18  1.18G   0      0 11.87M      0   09:17   01:41   07:36 13.26M 18  6.46G  18  1.19G   0      0 11.89M      0   09:16   01:42   07:34 13.36M 18  6.46G  18  1.20G   0      0 11.91M      0   09:15   01:43   07:32 14.06M 18  6.46G  18  1.22G   0      0 11.93M      0   09:14   01:44   07:30 13.99M 19  6.46G  19  1.23G   0      0 11.97M      0   09:12   01:45   07:27 14.48M 19  6.46G  19  1.25G   0      0 11.98M      0   09:11   01:46   07:25 14.31M 19  6.46G  19  1.26G   0      0 11.98M      0   09:12   01:47   07:25 13.67M 19  6.46G  19  1.27G   0      0 11.99M      0   09:11   01:48   07:23 13.58M 19  6.46G  19  1.29G   0      0 12.02M      0   09:10   01:49   07:21 13.89M 20  6.46G  20  1.30G   0      0 12.03M      0   09:09   01:50   07:19 13.41M 20  6.46G  20  1.31G   0      0 12.05M      0   09:09   01:51   07:18 13.40M 20  6.46G  20  1.33G   0      0 12.06M      0   09:08   01:53   07:15 13.95M 20  6.46G  20  1.34G   0      0 12.08M      0   09:07   01:54   07:13 14.13M 21  6.46G  21  1.36G   0      0 12.11M      0   09:06   01:55   07:11 14.16M 21  6.46G  21  1.37G   0      0 12.13M      0   09:05   01:56   07:09 14.23M 21  6.46G  21  1.38G   0      0 12.14M      0   09:04   01:57   07:07 14.34M 21  6.46G  21  1.40G   0      0 12.16M      0   09:04   01:58   07:06 14.23M 21  6.46G  21  1.41G   0      0 12.15M      0   09:04   01:59   07:05 13.65M 22  6.46G  22  1.42G   0      0 12.15M      0   09:04   02:00   07:04 13.10M 22  6.46G  22  1.43G   0      0 12.17M      0   09:03   02:01   07:02 13.27M 22  6.46G  22  1.45G   0      0 12.20M      0   09:02   02:02   07:00 13.39M 22  6.46G  22  1.46G   0      0 12.22M      0   09:01   02:03   06:58 13.72M 22  6.46G  22  1.48G   0      0 12.24M      0   09:00   02:04   06:56 14.26M 23  6.46G  23  1.49G   0      0 12.20M      0   09:02   02:05   06:57 13.23M 23  6.46G  23  1.49G   0      0 12.18M      0   09:03   02:06   06:57 12.25M 23  6.46G  23  1.51G   0      0 12.20M      0   09:02   02:07   06:55 12.23M 23  6.46G  23  1.52G   0      0 12.22M      0   09:01   02:08   06:53 12.14M 23  6.46G  23  1.54G   0      0 12.24M      0   09:00   02:09   06:51 12.24M 24  6.46G  24  1.55G   0      0 12.22M      0   09:01   02:10   06:51 12.69M 24  6.46G  24  1.56G   0      0 12.21M      0   09:01   02:11   06:50 13.01M 24  6.46G  24  1.57G   0      0 12.22M      0   09:01   02:12   06:49 12.80M 24  6.46G  24  1.59G   0      0 12.24M      0   09:00   02:13   06:47 12.76M 24  6.46G  24  1.60G   0      0 12.26M      0   08:59   02:14   06:45 12.76M 25  6.46G  25  1.62G   0      0 12.28M      0   08:58   02:15   06:43 13.82M 25  6.46G  25  1.63G   0      0 12.30M      0   08:57   02:16   06:41 14.72M 25  6.46G  25  1.64G   0      0 12.32M      0   08:56   02:17   06:39 14.99M 25  6.46G  25  1.66G   0      0 12.33M      0   08:56   02:18   06:38 14.70M 25  6.46G  25  1.67G   0      0 12.32M      0   08:56   02:19   06:37 14.06M 26  6.46G  26  1.68G   0      0 12.31M      0   08:57   02:20   06:37 13.13M 26  6.46G  26  1.69G   0      0 12.32M      0   08:56   02:21   06:35 12.72M 26  6.46G  26  1.71G   0      0 12.33M      0   08:56   02:22   06:34 12.49M 26  6.46G  26  1.72G   0      0 12.34M      0   08:56   02:23   06:33 12.58M 26  6.46G  26  1.73G   0      0 12.32M      0   08:56   02:24   06:32 12.32M 27  6.46G  27  1.74G   0      0 12.32M      0   08:56   02:25   06:31 12.58M 27  6.46G  27  1.76G   0      0 12.33M      0   08:56   02:26   06:30 12.57M 27  6.46G  27  1.77G   0      0 12.32M      0   08:56   02:27   06:29 12.23M 27  6.46G  27  1.78G   0      0 12.33M      0   08:56   02:28   06:28 12.07M 27  6.46G  27  1.79G   0      0 12.33M      0   08:56   02:29   06:27 12.63M 27  6.46G  27  1.80G   0      0 12.32M      0   08:56   02:30   06:26 12.47M 28  6.46G  28  1.82G   0      0 12.33M      0   08:56   02:31   06:25 12.58M 28  6.46G  28  1.83G   0      0 12.35M      0   08:55   02:32   06:23 13.17M 28  6.46G  28  1.84G   0      0 12.35M      0   08:55   02:33   06:22 13.17M 28  6.46G  28  1.86G   0      0 12.36M      0   08:54   02:34   06:20 13.34M 29  6.46G  29  1.87G   0      0 12.37M      0   08:54   02:35   06:19 13.87M 29  6.46G  29  1.89G   0      0 12.39M      0   08:53   02:36   06:17 13.97M 29  6.46G  29  1.90G   0      0 12.37M      0   08:54   02:37   06:17 12.90M 29  6.46G  29  1.91G   0      0 12.38M      0   08:54   02:38   06:16 13.33M 29  6.46G  29  1.92G   0      0 12.40M      0   08:53   02:39   06:14 13.64M 30  6.46G  30  1.94G   0      0 12.41M      0   08:52   02:40   06:12 13.76M 30  6.46G  30  1.95G   0      0 12.43M      0   08:52   02:41   06:11 13.77M 30  6.46G  30  1.97G   0      0 12.45M      0   08:51   02:42   06:09 14.86M 30  6.46G  30  1.98G   0      0 12.45M      0   08:51   02:43   06:08 14.37M 30  6.46G  30  1.99G   0      0 12.45M      0   08:50   02:44   06:06 14.11M 31  6.46G  31  2.01G   0      0 12.48M      0   08:50   02:45   06:05 14.46M 31  6.46G  31  2.02G   0      0 12.50M      0   08:49   02:46   06:03 14.63M 31  6.46G  31  2.04G   0      0 12.49M      0   08:49   02:47   06:02 14.02M 31  6.46G  31  2.05G   0      0 12.49M      0   08:49   02:48   06:01 13.96M 31  6.46G  31  2.06G   0      0 12.48M      0   08:49   02:49   06:00 13.36M 32  6.46G  32  2.08G   0      0 12.50M      0   08:48   02:50   05:58 13.39M 32  6.46G  32  2.09G   0      0 12.52M      0   08:48   02:51   05:57 13.31M 32  6.46G  32  2.10G   0      0 12.53M      0   08:47   02:52   05:55 13.86M 32  6.46G  32  2.12G   0      0 12.54M      0   08:47   02:53   05:54 14.06M 33  6.46G  33  2.13G   0      0 12.54M      0   08:47   02:54   05:53 14.60M 33  6.46G  33  2.15G   0      0 12.56M      0   08:46   02:55   05:51 14.50M 33  6.46G  33  2.16G   0      0 12.57M      0   08:46   02:56   05:50 14.40M 33  6.46G  33  2.17G   0      0 12.58M      0   08:45   02:57   05:48 14.39M 33  6.46G  33  2.18G   0      0 12.57M      0   08:46   02:58   05:48 13.82M 34  6.46G  34  2.20G   0      0 12.58M      0   08:45   02:59   05:46 13.98M 34  6.46G  34  2.21G   0      0 12.59M      0   08:45   03:00   05:45 13.60M 34  6.46G  34  2.23G   0      0 12.59M      0   08:45   03:01   05:44 13.37M 34  6.46G  34  2.24G   0      0 12.61M      0   08:44   03:02   05:42 13.42M 34  6.46G  34  2.25G   0      0 12.62M      0   08:44   03:03   05:41 14.39M 35  6.46G  35  2.27G   0      0 12.63M      0   08:43   03:04   05:39 14.18M 35  6.46G  35  2.27G   0      0 12.59M      0   08:45   03:05   05:40 12.47M 35  6.46G  35  2.29G   0      0 12.58M      0   08:45   03:06   05:39 12.21M 35  6.46G  35  2.29G   0      0 12.55M      0   08:46   03:07   05:39 10.60M 35  6.46G  35  2.30G   0      0 12.50M      0   08:49   03:08   05:41  8.33M 35  6.46G  35  2.31G   0      0 12.46M      0   08:50   03:09   05:41  6.94M 35  6.46G  35  2.32G   0      0 12.44M      0   08:51   03:10   05:41  7.68M 36  6.46G  36  2.32G   0      0 12.41M      0   08:52   03:11   05:41  6.74M 36  6.46G  36  2.33G   0      0 12.39M      0   08:53   03:13   05:40  6.90M 36  6.46G  36  2.34G   0      0 12.35M      0   08:55   03:14   05:41  7.27M 36  6.46G  36  2.35G   0      0 12.34M      0   08:55   03:15   05:40  8.09M 36  6.46G  36  2.36G   0      0 12.35M      0   08:55   03:16   05:39  9.04M 36  6.46G  36  2.37G   0      0 12.36M      0   08:54   03:17   05:37 10.46M 36  6.46G  36  2.38G   0      0 12.35M      0   08:55   03:18   05:37 10.87M 37  6.46G  37  2.39G   0      0 12.33M      0   08:56   03:19   05:37 11.49M 37  6.46G  37  2.40G   0      0 12.31M      0   08:57   03:20   05:37 11.11M 37  6.46G  37  2.41G   0      0 12.30M      0   08:57   03:21   05:36  9.98M 37  6.46G  37  2.42G   0      0 12.28M      0   08:58   03:22   05:36  8.80M 37  6.46G  37  2.43G   0      0 12.25M      0   08:59   03:23   05:36  8.37M 37  6.46G  37  2.44G   0      0 12.25M      0   08:59   03:24   05:35  8.94M 37  6.46G  37  2.45G   0      0 12.24M      0   09:00   03:25   05:35  9.24M 38  6.46G  38  2.46G   0      0 12.24M      0   09:00   03:26   05:34  9.98M 38  6.46G  38  2.47G   0      0 12.25M      0   09:00   03:27   05:33 11.00M 38  6.46G  38  2.49G   0      0 12.25M      0   08:59   03:28   05:31 12.19M 38  6.46G  38  2.50G   0      0 12.25M      0   08:59   03:29   05:30 12.36M 38  6.46G  38  2.51G   0      0 12.27M      0   08:59   03:30   05:29 13.42M 39  6.46G  39  2.53G   0      0 12.28M      0   08:58   03:31   05:27 13.87M 39  6.46G  39  2.54G   0      0 12.28M      0   08:58   03:32   05:26 13.87M 39  6.46G  39  2.56G   0      0 12.30M      0   08:57   03:33   05:24 14.22M 39  6.46G  39  2.56G   0      0 12.27M      0   08:58   03:34   05:24 13.23M 39  6.46G  39  2.58G   0      0 12.28M      0   08:58   03:35   05:23 12.88M 40  6.46G  40  2.59G   0      0 12.29M      0   08:57   03:36   05:21 12.97M 40  6.46G  40  2.60G   0      0 12.29M      0   08:57   03:37   05:20 12.76M 40  6.46G  40  2.62G   0      0 12.30M      0   08:57   03:38   05:19 12.55M 40  6.46G  40  2.63G   0      0 12.31M      0   08:57   03:39   05:18 13.68M 41  6.46G  41  2.65G   0      0 12.32M      0   08:56   03:40   05:16 14.07M 41  6.46G  41  2.66G   0      0 12.33M      0   08:56   03:41   05:15 13.72M 41  6.46G  41  2.67G   0      0 12.34M      0   08:56   03:42   05:14 14.19M 41  6.46G  41  2.69G   0      0 12.35M      0   08:55   03:43   05:12 14.35M 41  6.46G  41  2.70G   0      0 12.33M      0   08:56   03:44   05:12 13.28M 42  6.46G  42  2.71G   0      0 12.33M      0   08:56   03:45   05:11 12.96M 42  6.46G  42  2.72G   0      0 12.35M      0   08:55   03:46   05:09 13.20M 42  6.46G  42  2.74G   0      0 12.36M      0   08:55   03:47   05:08 13.17M 42  6.46G  42  2.75G   0      0 12.37M      0   08:54   03:48   05:06 13.36M 42  6.46G  42  2.77G   0      0 12.37M      0   08:54   03:49   05:05 14.46M 43  6.46G  43  2.78G   0      0 12.38M      0   08:54   03:50   05:04 14.56M 43  6.46G  43  2.79G   0      0 12.39M      0   08:53   03:51   05:02 14.56M 43  6.46G  43  2.81G   0      0 12.40M      0   08:53   03:52   05:01 14.60M 43  6.46G  43  2.82G   0      0 12.42M      0   08:52   03:53   04:59 14.61M 44  6.46G  44  2.84G   0      0 12.43M      0   08:52   03:54   04:58 14.90M 44  6.46G  44  2.85G   0      0 12.42M      0   08:52   03:55   04:57 14.25M 44  6.46G  44  2.86G   0      0 12.42M      0   08:52   03:56   04:56 13.79M 44  6.46G  44  2.87G   0      0 12.43M      0   08:52   03:57   04:55 13.62M 44  6.46G  44  2.89G   0      0 12.43M      0   08:51   03:58   04:53 13.14M 44  6.46G  44  2.90G   0      0 12.43M      0   08:51   03:59   04:52 12.60M 45  6.46G  45  2.91G   0      0 12.43M      0   08:51   04:00   04:51 12.90M 45  6.46G  45  2.92G   0      0 12.40M      0   08:53   04:01   04:52 11.55M 45  6.46G  45  2.93G   0      0 12.40M      0   08:53   04:02   04:51 11.08M 45  6.46G  45  2.94G   0      0 12.41M      0   08:52   04:03   04:49 11.46M 45  6.46G  45  2.96G   0      0 12.40M      0   08:53   04:04   04:49 10.83M 45  6.46G  45  2.96G   0      0 12.38M      0   08:54   04:05   04:49  9.83M 46  6.46G  46  2.98G   0      0 12.38M      0   08:54   04:06   04:48 11.25M 46  6.46G  46  2.99G   0      0 12.39M      0   08:53   04:07   04:46 11.82M 46  6.46G  46  3.00G   0      0 12.40M      0   08:53   04:08   04:45 11.76M 46  6.46G  46  3.02G   0      0 12.40M      0   08:53   04:09   04:44 12.50M 46  6.46G  46  3.03G   0      0 12.41M      0   08:53   04:10   04:43 13.94M 47  6.46G  47  3.04G   0      0 12.42M      0   08:52   04:11   04:41 14.16M 47  6.46G  47  3.06G   0      0 12.42M      0   08:52   04:12   04:40 14.12M 47  6.46G  47  3.07G   0      0 12.43M      0   08:51   04:13   04:38 14.14M 47  6.46G  47  3.09G   0      0 12.44M      0   08:51   04:14   04:37 14.56M 48  6.46G  48  3.10G   0      0 12.45M      0   08:51   04:15   04:36 14.34M 48  6.46G  48  3.12G   0      0 12.45M      0   08:51   04:16   04:35 14.34M 48  6.46G  48  3.13G   0      0 12.46M      0   08:50   04:17   04:33 14.19M 48  6.46G  48  3.14G   0      0 12.46M      0   08:50   04:18   04:32 13.38M 48  6.46G  48  3.14G   0      0 12.46M      0   08:50   04:18   04:32 12.46M 48  6.46G  48  3.15G   0      0 12.46M      0   08:50   04:19   04:31 13.53M 49  6.46G  49  3.17G   0      0 12.47M      0   08:50   04:20   04:30 13.93M 49  6.46G  49  3.18G   0      0 12.47M      0   08:50   04:21   04:29 13.50M 49  6.46G  49  3.19G   0      0 12.46M      0   08:50   04:22   04:28 12.75M 49  6.46G  49  3.21G   0      0 12.47M      0   08:50   04:23   04:27 13.27M 49  6.46G  49  3.22G   0      0 12.47M      0   08:50   04:24   04:26 13.12M 50  6.46G  50  3.23G   0      0 12.46M      0   08:50   04:25   04:25 12.29M 50  6.46G  50  3.24G   0      0 12.47M      0   08:50   04:26   04:24 12.35M 50  6.46G  50  3.25G   0      0 12.47M      0   08:50   04:27   04:23 12.86M 50  6.46G  50  3.27G   0      0 12.47M      0   08:50   04:28   04:22 12.36M 50  6.46G  50  3.28G   0      0 12.47M      0   08:50   04:29   04:21 12.34M 51  6.46G  51  3.29G   0      0 12.48M      0   08:50   04:30   04:20 13.07M 51  6.46G  51  3.31G   0      0 12.48M      0   08:49   04:31   04:18 13.15M 51  6.46G  51  3.32G   0      0 12.48M      0   08:50   04:32   04:18 12.86M 51  6.46G  51  3.33G   0      0 12.49M      0   08:49   04:33   04:16 13.33M 51  6.46G  51  3.35G   0      0 12.49M      0   08:49   04:34   04:15 13.63M 52  6.46G  52  3.36G   0      0 12.49M      0   08:49   04:35   04:14 13.50M 52  6.46G  52  3.37G   0      0 12.50M      0   08:49   04:36   04:13 13.53M 52  6.46G  52  3.38G   0      0 12.50M      0   08:49   04:37   04:12 13.75M 52  6.46G  52  3.39G   0      0 12.49M      0   08:49   04:38   04:11 12.73M 52  6.46G  52  3.40G   0      0 12.48M      0   08:49   04:39   04:10 11.83M 52  6.46G  52  3.41G   0      0 12.47M      0   08:50   04:40   04:10 11.31M 53  6.46G  53  3.42G   0      0 12.47M      0   08:50   04:41   04:09 10.67M 53  6.46G  53  3.43G   0      0 12.45M      0   08:51   04:42   04:09 10.04M 53  6.46G  53  3.45G   0      0 12.45M      0   08:50   04:43   04:07 10.51M 53  6.46G  53  3.46G   0      0 12.46M      0   08:50   04:44   04:06 11.37M 53  6.46G  53  3.47G   0      0 12.47M      0   08:50   04:45   04:05 12.20M 54  6.46G  54  3.49G   0      0 12.47M      0   08:50   04:46   04:04 12.87M 54  6.46G  54  3.50G   0      0 12.48M      0   08:49   04:47   04:02 13.82M 54  6.46G  54  3.52G   0      0 12.49M      0   08:49   04:48   04:01 14.50M 54  6.46G  54  3.53G   0      0 12.49M      0   08:49   04:49   04:00 14.25M 54  6.46G  54  3.54G   0      0 12.49M      0   08:49   04:50   03:59 13.85M 55  6.46G  55  3.55G   0      0 12.48M      0   08:49   04:51   03:58 13.15M 55  6.46G  55  3.56G   0      0 12.47M      0   08:50   04:52   03:58 12.22M 55  6.46G  55  3.58G   0      0 12.49M      0   08:49   04:53   03:56 12.23M 55  6.46G  55  3.59G   0      0 12.48M      0   08:49   04:54   03:55 12.06M 55  6.46G  55  3.60G   0      0 12.49M      0   08:49   04:55   03:54 12.39M 56  6.46G  56  3.62G   0      0 12.49M      0   08:49   04:56   03:53 13.05M 56  6.46G  56  3.63G   0      0 12.50M      0   08:49   04:57   03:52 13.72M 56  6.46G  56  3.64G   0      0 12.50M      0   08:49   04:58   03:51 13.37M 56  6.46G  56  3.65G   0      0 12.50M      0   08:49   04:59   03:50 13.36M 56  6.46G  56  3.67G   0      0 12.50M      0   08:49   05:00   03:49 13.14M 57  6.46G  57  3.68G   0      0 12.50M      0   08:48   05:01   03:47 13.14M 57  6.46G  57  3.69G   0      0 12.51M      0   08:48   05:02   03:46 13.45M 57  6.46G  57  3.71G   0      0 12.52M      0   08:48   05:03   03:45 13.72M 57  6.46G  57  3.72G   0      0 12.50M      0   08:48   05:04   03:44 12.85M 57  6.46G  57  3.72G   0      0 12.49M      0   08:49   05:05   03:44 11.83M 57  6.46G  57  3.74G   0      0 12.50M      0   08:49   05:06   03:43 11.93M 58  6.46G  58  3.75G   0      0 12.50M      0   08:48   05:07   03:41 12.10M 58  6.46G  58  3.77G   0      0 12.51M      0   08:48   05:08   03:40 12.13M 58  6.46G  58  3.78G   0      0 12.52M      0   08:48   05:09   03:39 13.37M 58  6.46G  58  3.79G   0      0 12.52M      0   08:48   05:10   03:38 14.43M 58  6.46G  58  3.80G   0      0 12.51M      0   08:48   05:11   03:37 13.72M 59  6.46G  59  3.82G   0      0 12.52M      0   08:48   05:12   03:36 13.33M 59  6.46G  59  3.83G   0      0 12.52M      0   08:48   05:13   03:35 12.90M 59  6.46G  59  3.84G   0      0 12.51M      0   08:48   05:14   03:34 12.28M 59  6.46G  59  3.85G   0      0 12.52M      0   08:48   05:15   03:33 12.21M 59  6.46G  59  3.87G   0      0 12.51M      0   08:48   05:16   03:32 12.43M 60  6.46G  60  3.88G   0      0 12.52M      0   08:48   05:17   03:31 12.45M 60  6.46G  60  3.89G   0      0 12.52M      0   08:48   05:18   03:30 12.59M 60  6.46G  60  3.91G   0      0 12.53M      0   08:47   05:19   03:28 13.30M 60  6.46G  60  3.92G   0      0 12.53M      0   08:47   05:20   03:27 13.39M 60  6.46G  60  3.93G   0      0 12.53M      0   08:47   05:21   03:26 13.86M 61  6.46G  61  3.95G   0      0 12.54M      0   08:47   05:22   03:25 13.87M 61  6.46G  61  3.96G   0      0 12.53M      0   08:47   05:23   03:24 13.31M 61  6.46G  61  3.97G   0      0 12.52M      0   08:48   05:24   03:24 12.33M 61  6.46G  61  3.98G   0      0 12.51M      0   08:48   05:25   03:23 11.43M 61  6.46G  61  3.99G   0      0 12.52M      0   08:48   05:26   03:22 11.51M 62  6.46G  62  4.00G   0      0 12.52M      0   08:48   05:27   03:21 11.67M 62  6.46G  62  4.02G   0      0 12.52M      0   08:48   05:28   03:20 11.86M 62  6.46G  62  4.03G   0      0 12.53M      0   08:47   05:29   03:18 12.82M 62  6.46G  62  4.04G   0      0 12.53M      0   08:47   05:30   03:17 13.45M 62  6.46G  62  4.06G   0      0 12.53M      0   08:47   05:31   03:16 13.36M 63  6.46G  63  4.07G   0      0 12.54M      0   08:47   05:32   03:15 13.37M 63  6.46G  63  4.08G   0      0 12.54M      0   08:47   05:33   03:14 13.51M 63  6.46G  63  4.09G   0      0 12.53M      0   08:47   05:34   03:13 12.82M 63  6.46G  63  4.11G   0      0 12.54M      0   08:47   05:35   03:12 13.19M 63  6.46G  63  4.12G   0      0 12.55M      0   08:47   05:36   03:11 13.53M 64  6.46G  64  4.13G   0      0 12.55M      0   08:47   05:37   03:10 13.31M 64  6.46G  64  4.15G   0      0 12.55M      0   08:47   05:38   03:09 13.17M 64  6.46G  64  4.16G   0      0 12.55M      0   08:46   05:39   03:07 13.75M 64  6.46G  64  4.17G   0      0 12.55M      0   08:46   05:40   03:06 13.54M 64  6.46G  64  4.19G   0      0 12.55M      0   08:46   05:41   03:05 13.06M 65  6.46G  65  4.20G   0      0 12.56M      0   08:46   05:42   03:04 13.13M 65  6.46G  65  4.21G   0      0 12.56M      0   08:46   05:43   03:03 13.57M 65  6.46G  65  4.23G   0      0 12.57M      0   08:46   05:44   03:02 13.66M 65  6.46G  65  4.24G   0      0 12.57M      0   08:46   05:45   03:01 13.99M 65  6.46G  65  4.25G   0      0 12.58M      0   08:45   05:46   02:59 14.06M 66  6.46G  66  4.27G   0      0 12.58M      0   08:45   05:47   02:58 13.78M 66  6.46G  66  4.28G   0      0 12.58M      0   08:45   05:48   02:57 13.47M 66  6.46G  66  4.29G   0      0 12.57M      0   08:46   05:49   02:57 12.70M 66  6.46G  66  4.30G   0      0 12.57M      0   08:46   05:50   02:56 12.48M 66  6.46G  66  4.32G   0      0 12.58M      0   08:45   05:51   02:54 12.60M 67  6.46G  67  4.33G   0      0 12.59M      0   08:45   05:52   02:53 13.32M 67  6.46G  67  4.35G   0      0 12.59M      0   08:45   05:53   02:52 13.75M 67  6.46G  67  4.36G   0      0 12.60M      0   08:45   05:54   02:51 14.55M 67  6.46G  67  4.37G   0      0 12.60M      0   08:44   05:55   02:49 14.58M 67  6.46G  67  4.39G   0      0 12.60M      0   08:44   05:56   02:48 14.36M 68  6.46G  68  4.40G   0      0 12.61M      0   08:44   05:57   02:47 14.23M 68  6.46G  68  4.41G   0      0 12.61M      0   08:44   05:58   02:46 13.67M 68  6.46G  68  4.42G   0      0 12.60M      0   08:45   05:59   02:46 12.63M 68  6.46G  68  4.44G   0      0 12.60M      0   08:44   06:00   02:44 12.62M 68  6.46G  68  4.45G   0      0 12.60M      0   08:44   06:01   02:43 12.43M 69  6.46G  69  4.46G   0      0 12.59M      0   08:45   06:02   02:43 11.41M 69  6.46G  69  4.47G   0      0 12.58M      0   08:45   06:04   02:41 10.49M 69  6.46G  69  4.47G   0      0 12.54M      0   08:47   06:05   02:42  9.21M 69  6.46G  69  4.49G   0      0 12.55M      0   08:46   06:06   02:40  9.48M 69  6.46G  69  4.50G   0      0 12.56M      0   08:46   06:07   02:39  9.84M 69  6.46G  69  4.52G   0      0 12.56M      0   08:46   06:08   02:38 10.48M 70  6.46G  70  4.52G   0      0 12.55M      0   08:46   06:09   02:37 10.81M 70  6.46G  70  4.54G   0      0 12.55M      0   08:46   06:10   02:36 13.06M 70  6.46G  70  4.55G   0      0 12.56M      0   08:46   06:11   02:35 12.82M 70  6.46G  70  4.56G   0      0 12.56M      0   08:46   06:12   02:34 12.59M 70  6.46G  70  4.58G   0      0 12.55M      0   08:46   06:13   02:33 12.21M 70  6.46G  70  4.58G   0      0 12.54M      0   08:47   06:14   02:33 11.80M 71  6.46G  71  4.60G   0      0 12.55M      0   08:47   06:15   02:32 12.20M 71  6.46G  71  4.61G   0      0 12.55M      0   08:46   06:16   02:30 12.31M 71  6.46G  71  4.62G   0      0 12.56M      0   08:46   06:17   02:29 12.69M 71  6.46G  71  4.64G   0      0 12.56M      0   08:46   06:18   02:28 13.20M 72  6.46G  72  4.65G   0      0 12.57M      0   08:46   06:19   02:27 14.56M 72  6.46G  72  4.66G   0      0 12.56M      0   08:46   06:20   02:26 13.65M 72  6.46G  72  4.68G   0      0 12.56M      0   08:46   06:21   02:25 13.51M 72  6.46G  72  4.69G   0      0 12.57M      0   08:46   06:22   02:24 13.51M 72  6.46G  72  4.70G   0      0 12.57M      0   08:46   06:23   02:23 13.30M 73  6.46G  73  4.72G   0      0 12.57M      0   08:46   06:24   02:22 13.00M 73  6.46G  73  4.73G   0      0 12.57M      0   08:45   06:25   02:20 13.50M 73  6.46G  73  4.74G   0      0 12.57M      0   08:46   06:26   02:20 12.73M 73  6.46G  73  4.75G   0      0 12.57M      0   08:46   06:27   02:19 12.64M 73  6.46G  73  4.77G   0      0 12.57M      0   08:46   06:28   02:18 12.46M 73  6.46G  73  4.78G   0      0 12.57M      0   08:46   06:29   02:17 12.06M 74  6.46G  74  4.79G   0      0 12.56M      0   08:46   06:30   02:16 11.82M 74  6.46G  74  4.80G   0      0 12.56M      0   08:46   06:31   02:15 11.74M 74  6.46G  74  4.81G   0      0 12.56M      0   08:46   06:32   02:14 11.94M 74  6.46G  74  4.83G   0      0 12.57M      0   08:46   06:33   02:13 12.43M 74  6.46G  74  4.84G   0      0 12.57M      0   08:46   06:34   02:12 12.99M 75  6.46G  75  4.85G   0      0 12.58M      0   08:45   06:35   02:10 13.45M 75  6.46G  75  4.87G   0      0 12.57M      0   08:46   06:36   02:10 13.91M 75  6.46G  75  4.88G   0      0 12.59M      0   08:45   06:37   02:08 14.74M 75  6.46G  75  4.90G   0      0 12.60M      0   08:44   06:38   02:06 14.86M 76  6.46G  76  4.91G   0      0 12.60M      0   08:44   06:39   02:05 15.08M 76  6.46G  76  4.92G   0      0 12.59M      0   08:45   06:40   02:05 13.87M 76  6.46G  76  4.93G   0      0 12.58M      0   08:45   06:41   02:04 13.41M 76  6.46G  76  4.95G   0      0 12.59M      0   08:45   06:42   02:03 12.68M 76  6.46G  76  4.96G   0      0 12.60M      0   08:44   06:43   02:01 12.57M 77  6.46G  77  4.97G   0      0 12.60M      0   08:44   06:44   02:00 12.21M 77  6.46G  77  4.99G   0      0 12.60M      0   08:44   06:45   01:59 13.52M 77  6.46G  77  5.00G   0      0 12.60M      0   08:44   06:46   01:58 13.92M 77  6.46G  77  5.01G   0      0 12.60M      0   08:44   06:47   01:57 13.47M 77  6.46G  77  5.02G   0      0 12.60M      0   08:44   06:48   01:56 12.88M 77  6.46G  77  5.03G   0      0 12.59M      0   08:45   06:49   01:56 12.05M 78  6.46G  78  5.05G   0      0 12.59M      0   08:45   06:50   01:55 11.77M 78  6.46G  78  5.06G   0      0 12.59M      0   08:45   06:51   01:54 11.85M 78  6.46G  78  5.07G   0      0 12.58M      0   08:45   06:52   01:53 10.99M 78  6.46G  78  5.08G   0      0 12.58M      0   08:45   06:53   01:52 10.55M 78  6.46G  78  5.09G   0      0 12.57M      0   08:46   06:54   01:52 11.04M 79  6.46G  79  5.10G   0      0 12.58M      0   08:45   06:55   01:50 11.15M 79  6.46G  79  5.11G   0      0 12.57M      0   08:45   06:56   01:49 11.17M 79  6.46G  79  5.12G   0      0 12.58M      0   08:45   06:57   01:48 11.88M 79  6.46G  79  5.14G   0      0 12.57M      0   08:46   06:58   01:48 12.30M 79  6.46G  79  5.15G   0      0 12.57M      0   08:46   06:59   01:47 12.46M 79  6.46G  79  5.16G   0      0 12.56M      0   08:46   07:00   01:46 11.19M 80  6.46G  80  5.17G   0      0 12.56M      0   08:46   07:01   01:45 11.30M 80  6.46G  80  5.18G   0      0 12.57M      0   08:46   07:02   01:44 12.04M 80  6.46G  80  5.20G   0      0 12.57M      0   08:46   07:03   01:43 12.44M 80  6.46G  80  5.21G   0      0 12.56M      0   08:46   07:04   01:42 11.95M 80  6.46G  80  5.21G   0      0 12.54M      0   08:47   07:05   01:42 11.09M 80  6.46G  80  5.22G   0      0 12.54M      0   08:47   07:06   01:41 10.59M 81  6.46G  81  5.24G   0      0 12.55M      0   08:46   07:07   01:39 11.04M 81  6.46G  81  5.25G   0      0 12.55M      0   08:46   07:08   01:38 11.03M 81  6.46G  81  5.27G   0      0 12.55M      0   08:46   07:09   01:37 11.69M 81  6.46G  81  5.28G   0      0 12.55M      0   08:46   07:10   01:36 13.53M 81  6.46G  81  5.29G   0      0 12.56M      0   08:46   07:11   01:35 14.37M 82  6.46G  82  5.31G   0      0 12.56M      0   08:46   07:12   01:34 13.07M 82  6.46G  82  5.32G   0      0 12.55M      0   08:46   07:13   01:33 12.37M 82  6.46G  82  5.33G   0      0 12.56M      0   08:46   07:14   01:32 12.78M 82  6.46G  82  5.34G   0      0 12.56M      0   08:46   07:15   01:31 13.20M 82  6.46G  82  5.35G   0      0 12.55M      0   08:46   07:16   01:30 12.33M 83  6.46G  83  5.37G   0      0 12.56M      0   08:46   07:17   01:29 12.65M 83  6.46G  83  5.38G   0      0 12.56M      0   08:46   07:18   01:28 13.32M 83  6.46G  83  5.39G   0      0 12.56M      0   08:46   07:19   01:27 13.05M 83  6.46G  83  5.40G   0      0 12.55M      0   08:46   07:20   01:26 11.61M 83  6.46G  83  5.41G   0      0 12.54M      0   08:47   07:21   01:26 11.49M 83  6.46G  83  5.42G   0      0 12.54M      0   08:47   07:22   01:25 10.83M 84  6.46G  84  5.43G   0      0 12.52M      0   08:48   07:24   01:24  9.59M 84  6.46G  84  5.46G   0      0 12.55M      0   08:47   07:25   01:22 11.44M 84  6.46G  84  5.47G   0      0 12.55M      0   08:46   07:26   01:20 12.55M 84  6.46G  84  5.48G   0      0 12.54M      0   08:47   07:27   01:20 12.66M 85  6.46G  85  5.49G   0      0 12.55M      0   08:47   07:28   01:19 13.19M 85  6.46G  85  5.51G   0      0 12.55M      0   08:47   07:29   01:18 14.70M 85  6.46G  85  5.52G   0      0 12.55M      0   08:47   07:30   01:17 12.40M 85  6.46G  85  5.53G   0      0 12.55M      0   08:47   07:31   01:16 12.30M 85  6.46G  85  5.54G   0      0 12.54M      0   08:47   07:32   01:15 12.26M 86  6.46G  86  5.55G   0      0 12.54M      0   08:47   07:33   01:14 12.06M 86  6.46G  86  5.56G   0      0 12.53M      0   08:47   07:34   01:13 10.98M 86  6.46G  86  5.57G   0      0 12.53M      0   08:47   07:35   01:12 10.99M 86  6.46G  86  5.59G   0      0 12.53M      0   08:47   07:36   01:11 11.35M 86  6.46G  86  5.60G   0      0 12.53M      0   08:47   07:37   01:10 11.66M 86  6.46G  86  5.61G   0      0 12.54M      0   08:47   07:38   01:09 12.11M 87  6.46G  87  5.63G   0      0 12.54M      0   08:47   07:39   01:08 13.63M 87  6.46G  87  5.64G   0      0 12.55M      0   08:47   07:40   01:07 14.23M 87  6.46G  87  5.65G   0      0 12.55M      0   08:47   07:41   01:06 13.97M 87  6.46G  87  5.67G   0      0 12.55M      0   08:46   07:42   01:04 14.74M 88  6.46G  88  5.68G   0      0 12.56M      0   08:46   07:43   01:03 14.56M 88  6.46G  88  5.70G   0      0 12.56M      0   08:46   07:44   01:02 14.44M 88  6.46G  88  5.71G   0      0 12.56M      0   08:46   07:45   01:01 14.14M 88  6.46G  88  5.72G   0      0 12.56M      0   08:46   07:46   01:00 13.08M 88  6.46G  88  5.73G   0      0 12.56M      0   08:46   07:47   00:59 12.81M 88  6.46G  88  5.74G   0      0 12.55M      0   08:47   07:48   00:59 11.60M 89  6.46G  89  5.75G   0      0 12.55M      0   08:46   07:49   00:57 11.59M 89  6.46G  89  5.77G   0      0 12.56M      0   08:46   07:50   00:56 11.82M 89  6.46G  89  5.78G   0      0 12.56M      0   08:46   07:51   00:55 13.13M 89  6.46G  89  5.80G   0      0 12.57M      0   08:46   07:52   00:54 13.50M 90  6.46G  90  5.81G   0      0 12.57M      0   08:46   07:53   00:53 15.02M 90  6.46G  90  5.83G   0      0 12.58M      0   08:45   07:54   00:51 15.02M 90  6.46G  90  5.84G   0      0 12.58M      0   08:45   07:55   00:50 15.04M 90  6.46G  90  5.85G   0      0 12.58M      0   08:45   07:56   00:49 14.50M 90  6.46G  90  5.86G   0      0 12.58M      0   08:45   07:57   00:48 13.73M 91  6.46G  91  5.88G   0      0 12.58M      0   08:45   07:58   00:47 13.00M 91  6.46G  91  5.89G   0      0 12.57M      0   08:46   07:59   00:47 12.12M 91  6.46G  91  5.90G   0      0 12.58M      0   08:45   08:00   00:45 11.88M 91  6.46G  91  5.91G   0      0 12.58M      0   08:45   08:01   00:44 12.24M 91  6.46G  91  5.93G   0      0 12.58M      0   08:45   08:02   00:43 12.98M 92  6.46G  92  5.94G   0      0 12.58M      0   08:45   08:03   00:42 13.27M 92  6.46G  92  5.95G   0      0 12.58M      0   08:45   08:04   00:41 13.24M 92  6.46G  92  5.96G   0      0 12.57M      0   08:46   08:05   00:41 11.83M 92  6.46G  92  5.97G   0      0 12.57M      0   08:46   08:06   00:40 11.42M 92  6.46G  92  5.99G   0      0 12.57M      0   08:45   08:07   00:38 11.73M 92  6.46G  92  6.00G   0      0 12.58M      0   08:45   08:08   00:37 11.85M 93  6.46G  93  6.01G   0      0 12.57M      0   08:46   08:09   00:37 11.88M 93  6.46G  93  6.02G   0      0 12.58M      0   08:45   08:10   00:35 13.25M 93  6.46G  93  6.04G   0      0 12.57M      0   08:46   08:11   00:35 13.22M 93  6.46G  93  6.05G   0      0 12.57M      0   08:46   08:12   00:34 12.44M 93  6.46G  93  6.06G   0      0 12.57M      0   08:45   08:13   00:32 12.24M 94  6.46G  94  6.07G   0      0 12.57M      0   08:46   08:14   00:32 12.37M 94  6.46G  94  6.08G   0      0 12.56M      0   08:46   08:15   00:31 11.11M 94  6.46G  94  6.09G   0      0 12.55M      0   08:47   08:16   00:31 10.35M 94  6.46G  94  6.09G   0      0 12.54M      0   08:47   08:17   00:30  9.17M 94  6.46G  94  6.10G   0      0 12.53M      0   08:48   08:18   00:30  7.83M 94  6.46G  94  6.10G   0      0 12.51M      0   08:48   08:19   00:29  6.39M 94  6.46G  94  6.11G   0      0 12.50M      0   08:49   08:21   00:28  6.48M 94  6.46G  94  6.12G   0      0 12.48M      0   08:49   08:22   00:27  6.02M 94  6.46G  94  6.13G   0      0 12.47M      0   08:50   08:23   00:27  6.47M 95  6.46G  95  6.14G   0      0 12.48M      0   08:50   08:24   00:26  7.89M 95  6.46G  95  6.15G   0      0 12.46M      0   08:50   08:25   00:25  8.27M 95  6.46G  95  6.16G   0      0 12.46M      0   08:50   08:26   00:24  9.08M 95  6.46G  95  6.17G   0      0 12.46M      0   08:50   08:27   00:23 10.37M 95  6.46G  95  6.18G   0      0 12.46M      0   08:50   08:28   00:22 11.02M 95  6.46G  95  6.19G   0      0 12.46M      0   08:50   08:29   00:21 10.56M 96  6.46G  96  6.20G   0      0 12.46M      0   08:50   08:30   00:20 11.68M 96  6.46G  96  6.21G   0      0 12.45M      0   08:51   08:31   00:20 11.30M 96  6.46G  96  6.22G   0      0 12.45M      0   08:51   08:32   00:19 11.32M 96  6.46G  96  6.23G   0      0 12.44M      0   08:51   08:33   00:18 10.45M 96  6.46G  96  6.24G   0      0 12.43M      0   08:51   08:34   00:17  9.91M 96  6.46G  96  6.25G   0      0 12.42M      0   08:52   08:35   00:17  9.27M 96  6.46G  96  6.26G   0      0 12.42M      0   08:52   08:36   00:16  8.95M 96  6.46G  96  6.26G   0      0 12.42M      0   08:52   08:36   00:16 12.42M 97  6.46G  97  6.27G   0      0 12.41M      0   08:52   08:37   00:15  7.27M 97  6.46G  97  6.27G   0      0 12.40M      0   08:53   08:38   00:15  6.80M 97  6.46G  97  6.28G   0      0 12.39M      0   08:53   08:39   00:14  6.72M 97  6.46G  97  6.29G   0      0 12.38M      0   08:54   08:40   00:14  7.22M 97  6.46G  97  6.30G   0      0 12.37M      0   08:54   08:41   00:13  7.78M 97  6.46G  97  6.31G   0      0 12.37M      0   08:54   08:42   00:12  8.12M 97  6.46G  97  6.31G   0      0 12.36M      0   08:55   08:43   00:12  8.36M 97  6.46G  97  6.32G   0      0 12.35M      0   08:55   08:44   00:11  8.62M 98  6.46G  98  6.33G   0      0 12.32M      0   08:57   08:46   00:11  6.81M 98  6.46G  98  6.35G   0      0 12.33M      0   08:56   08:47   00:09  8.51M 98  6.46G  98  6.36G   0      0 12.32M      0   08:56   08:48   00:08  8.48M 98  6.46G  98  6.36G   0      0 12.32M      0   08:57   08:49   00:08  8.53M 98  6.46G  98  6.37G   0      0 12.31M      0   08:57   08:50   00:07  8.76M 98  6.46G  98  6.38G   0      0 12.30M      0   08:57   08:51   00:06 10.67M 99  6.46G  99  6.39G   0      0 12.30M      0   08:57   08:52   00:05  8.96M 99  6.46G  99  6.40G   0      0 12.29M      0   08:58   08:53   00:05  8.93M 99  6.46G  99  6.41G   0      0 12.29M      0   08:58   08:54   00:04  9.26M 99  6.46G  99  6.42G   0      0 12.28M      0   08:58   08:55   00:03  9.67M 99  6.46G  99  6.43G   0      0 12.28M      0   08:58   08:56   00:02 10.32M 99  6.46G  99  6.44G   0      0 12.27M      0   08:58   08:57   00:01  9.53M 99  6.46G  99  6.44G   0      0 12.25M      0   08:59   08:58   00:01  8.06M 99  6.46G  99  6.45G   0      0 12.24M      0   09:00   08:59   00:01  7.03M 99  6.46G  99  6.45G   0      0 12.21M      0   09:01   09:01          4.67M 99  6.46G  99  6.45G   0      0 12.19M      0   09:02   09:02          3.74M 99  6.46G  99  6.45G   0      0 12.18M      0   09:03   09:03          2.85M100  6.46G 100  6.46G   0      0 12.16M      0   09:03   09:03          2.85M100  6.46G 100  6.46G   0      0 12.16M      0   09:03   09:03          2.85M100  6.46G 100  6.46G   0      0 12.16M      0   09:03   09:03          2.85M
[11:25:08]   done sd_xl_base_1.0.safetensors (6.5G)
[11:25:08]   downloading pixel-art-xl.safetensors ...
  % Total    % Received % Xferd  Average Speed  Time    Time    Time   Current
                                 Dload  Upload  Total   Spent   Left   Speed
  0      0   0      0   0      0      0      0                              0100   1018 100   1018   0      0   2234      0                              0100   1018 100   1018   0      0   2234      0                              0
  0      0   0      0   0      0      0      0                              0  0 162.6M   0  49125   0      0  33722      0 1:24:17   00:01 1:24:16  49125  3 162.6M   3  5.62M   0      0  2.27M      0   01:11   00:02   01:09  2.78M  6 162.6M   6 10.48M   0      0  3.01M      0   00:53   00:03   00:50  3.47M 10 162.6M  10 16.97M   0      0  3.79M      0   00:42   00:04   00:38  4.22M 13 162.6M  13 21.17M   0      0  3.76M      0   00:43   00:05   00:38  4.09M 17 162.6M  17 27.81M   0      0  4.19M      0   00:38   00:06   00:32  5.36M 21 162.6M  21 35.45M   0      0  4.64M      0   00:35   00:07   00:28  5.77M 25 162.6M  25 41.08M   0      0  4.75M      0   00:34   00:08   00:26  5.92M 28 162.6M  28 46.62M   0      0  4.83M      0   00:33   00:09   00:24  5.73M 31 162.6M  31 51.40M   0      0  4.74M      0   00:34   00:10   00:24  5.80M 35 162.6M  35 58.22M   0      0  4.91M      0   00:33   00:11   00:22  5.83M 38 162.6M  38 62.85M   0      0  4.88M      0   00:33   00:12   00:21  5.24M 43 162.6M  43 70.31M   0      0  5.07M      0   00:32   00:13   00:19  5.59M 47 162.6M  47 77.93M   0      0  5.24M      0   00:31   00:14   00:17  5.99M 52 162.6M  52 84.77M   0      0  5.34M      0   00:30   00:15   00:15  6.62M 56 162.6M  56 92.70M   0      0  5.49M      0   00:29   00:16   00:13  6.87M 62 162.6M  62 101.1M   0      0  5.66M      0   00:28   00:17   00:11  7.65M 65 162.6M  65 106.8M   0      0  5.63M      0   00:28   00:18   00:10  7.17M 71 162.6M  71 115.6M   0      0  5.79M      0   00:28   00:19   00:09  7.40M 74 162.6M  74 121.3M   0      0  5.78M      0   00:28   00:20   00:08  7.16M 78 162.6M  78 127.6M   0      0  5.80M      0   00:27   00:21   00:06  6.84M 81 162.6M  81 133.2M   0      0  5.80M      0   00:28   00:22   00:06  6.29M 85 162.6M  85 139.8M   0      0  5.83M      0   00:27   00:23   00:04  6.57M 90 162.6M  90 147.6M   0      0  5.91M      0   00:27   00:24   00:03  6.38M 94 162.6M  94 153.7M   0      0  5.91M      0   00:27   00:25   00:02  6.48M 98 162.6M  98 159.9M   0      0  5.92M      0   00:27   00:26   00:01  6.44M100 162.6M 100 162.6M   0      0  5.89M      0   00:27   00:27          6.44M100 162.6M 100 162.6M   0      0  5.89M      0   00:27   00:27          6.44M100 162.6M 100 162.6M   0      0  5.89M      0   00:27   00:27          6.44M
[11:25:35]   done pixel-art-xl.safetensors (163M)
[11:25:35]   downloading layer_xl_transparent_attn.safetensors ...
  % Total    % Received % Xferd  Average Speed  Time    Time    Time   Current
                                 Dload  Upload  Total   Spent   Left   Speed
  0      0   0      0   0      0      0      0                              0100   1074 100   1074   0      0   2422      0                              0100   1074 100   1074   0      0   2421      0                              0
  0      0   0      0   0      0      0      0                              0  0 708.9M   0  65500   0      0  45291      0 4:33:32   00:01 4:33:31  65369  0 708.9M   0  6.49M   0      0  2.60M      0   04:31   00:02   04:29  3.17M  1 708.9M   1 13.20M   0      0  3.78M      0   03:07   00:03   03:04  4.33M  3 708.9M   3 24.55M   0      0  5.46M      0   02:09   00:04   02:05  6.07M  4 708.9M   4 33.22M   0      0  6.05M      0   01:57   00:05   01:52  6.58M  5 708.9M   5 42.45M   0      0  6.54M      0   01:48   00:06   01:42  8.40M  7 708.9M   7 52.95M   0      0  7.07M      0   01:40   00:07   01:33  9.29M  8 708.9M   8 62.91M   0      0  7.41M      0   01:35   00:08   01:27  9.94M  9 708.9M   9 69.82M   0      0  7.36M      0   01:36   00:09   01:27  9.05M 11 708.9M  11 79.48M   0      0  7.58M      0   01:33   00:10   01:23  9.25M 12 708.9M  12 88.07M   0      0  7.66M      0   01:32   00:11   01:21  9.12M 13 708.9M  13 95.94M   0      0  7.67M      0   01:32   00:12   01:20  8.59M 14 708.9M  14 103.4M   0      0  7.64M      0   01:32   00:13   01:19  8.03M 15 708.9M  15 109.8M   0      0  7.52M      0   01:34   00:14   01:20  7.81M 17 708.9M  17 121.3M   0      0  7.77M      0   01:31   00:15   01:16  8.16M 18 708.9M  18 132.0M   0      0  7.94M      0   01:29   00:16   01:13  8.56M 19 708.9M  19 140.4M   0      0  7.97M      0   01:28   00:17   01:11  8.68M 20 708.9M  20 147.8M   0      0  7.94M      0   01:29   00:18   01:11  8.73M 21 708.9M  21 154.7M   0      0  7.88M      0   01:29   00:19   01:10  8.95M 22 708.9M  22 160.7M   0      0  7.78M      0   01:31   00:20   01:11  7.83M 23 708.9M  23 166.1M   0      0  7.67M      0   01:32   00:21   01:11  6.78M 24 708.9M  24 174.9M   0      0  7.72M      0   01:31   00:22   01:09  6.84M 25 708.9M  25 181.7M   0      0  7.68M      0   01:32   00:23   01:09  6.71M 26 708.9M  26 188.0M   0      0  7.62M      0   01:33   00:24   01:09  6.58M 27 708.9M  27 192.6M   0      0  7.50M      0   01:34   00:25   01:09  6.33M 28 708.9M  28 198.9M   0      0  7.45M      0   01:35   00:26   01:09  6.52M 28 708.9M  28 200.3M   0      0  7.03M      0   01:40   00:28   01:12  4.35M 30 708.9M  30 215.4M   0      0  7.30M      0   01:37   00:29   01:08  5.77M 32 708.9M  32 227.5M   0      0  7.46M      0   01:35   00:30   01:05  6.78M 34 708.9M  34 241.5M   0      0  7.66M      0   01:32   00:31   01:01  8.41M 35 708.9M  35 254.3M   0      0  7.82M      0   01:30   00:32   00:58  9.51M 36 708.9M  36 258.9M   0      0  7.66M      0   01:32   00:33   00:59 11.04M 37 708.9M  37 264.0M   0      0  7.58M      0   01:33   00:34   00:59  9.14M 38 708.9M  38 273.8M   0      0  7.64M      0   01:32   00:35   00:57  8.72M 39 708.9M  39 282.6M   0      0  7.67M      0   01:32   00:36   00:56  7.73M 41 708.9M  41 290.9M   0      0  7.69M      0   01:32   00:37   00:55  6.90M 42 708.9M  42 300.5M   0      0  7.74M      0   01:31   00:38   00:53  8.30M 43 708.9M  43 308.3M   0      0  7.74M      0   01:31   00:39   00:52  8.81M 44 708.9M  44 315.7M   0      0  7.72M      0   01:31   00:40   00:51  8.25M 45 708.9M  45 324.1M   0      0  7.74M      0   01:31   00:41   00:50  8.19M 47 708.9M  47 336.1M   0      0  7.84M      0   01:30   00:42   00:48  8.92M 49 708.9M  49 351.0M   0      0  8.00M      0   01:28   00:43   00:45  9.95M 51 708.9M  51 364.7M   0      0  8.11M      0   01:27   00:44   00:43 11.08M 53 708.9M  53 380.7M   0      0  8.28M      0   01:25   00:45   00:40 12.86M 55 708.9M  55 394.2M   0      0  8.40M      0   01:24   00:46   00:38 13.87M 57 708.9M  57 408.7M   0      0  8.52M      0   01:23   00:47   00:36 14.34M 59 708.9M  59 422.9M   0      0  8.64M      0   01:22   00:48   00:34 14.21M 61 708.9M  61 436.5M   0      0  8.74M      0   01:21   00:49   00:32 14.32M 62 708.9M  62 445.0M   0      0  8.73M      0   01:21   00:50   00:31 12.83M 64 708.9M  64 455.7M   0      0  8.77M      0   01:20   00:51   00:29 12.26M 66 708.9M  66 469.1M   0      0  8.86M      0   01:19   00:52   00:27 12.07M 67 708.9M  67 481.8M   0      0  8.93M      0   01:19   00:53   00:26 11.78M 69 708.9M  69 494.8M   0      0  9.00M      0   01:18   00:54   00:24 11.64M 71 708.9M  71 507.8M   0      0  9.07M      0   01:18   00:55   00:23 12.55M 73 708.9M  73 521.2M   0      0  9.15M      0   01:17   00:56   00:21 13.10M 75 708.9M  75 535.6M   0      0  9.24M      0   01:16   00:57   00:19 13.28M 77 708.9M  77 549.8M   0      0  9.32M      0   01:15   00:58   00:17 13.59M 79 708.9M  79 563.0M   0      0  9.39M      0   01:15   00:59   00:16 13.65M 80 708.9M  80 571.5M   0      0  9.37M      0   01:15   01:00   00:15 12.75M 82 708.9M  82 583.7M   0      0  9.42M      0   01:15   01:01   00:14 12.49M 83 708.9M  83 592.9M   0      0  9.42M      0   01:15   01:02   00:13 11.47M 85 708.9M  85 603.2M   0      0  9.43M      0   01:15   01:03   00:12 10.67M 86 708.9M  86 614.8M   0      0  9.46M      0   01:14   01:04   00:10 10.36M 88 708.9M  88 626.1M   0      0  9.49M      0   01:14   01:05   00:09 10.90M 89 708.9M  89 635.1M   0      0  9.48M      0   01:14   01:06   00:08 10.27M 90 708.9M  90 644.4M   0      0  9.48M      0   01:14   01:07   00:07 10.28M 92 708.9M  92 653.9M   0      0  9.48M      0   01:14   01:08   00:06 10.13M 93 708.9M  93 663.2M   0      0  9.48M      0   01:14   01:09   00:05  9.64M 94 708.9M  94 672.8M   0      0  9.48M      0   01:14   01:10   00:04  9.33M 96 708.9M  96 681.8M   0      0  9.47M      0   01:14   01:11   00:03  9.32M 97 708.9M  97 689.7M   0      0  9.45M      0   01:14   01:12   00:02  9.05M 98 708.9M  98 697.4M   0      0  9.42M      0   01:15   01:13   00:02  8.67M 99 708.9M  99 705.2M   0      0  9.40M      0   01:15   01:14   00:01  8.38M100 708.9M 100 708.9M   0      0  9.40M      0   01:15   01:15          8.38M100 708.9M 100 708.9M   0      0  9.40M      0   01:15   01:15          8.38M100 708.9M 100 708.9M   0      0  9.40M      0   01:15   01:15          8.38M
[11:26:51]   done layer_xl_transparent_attn.safetensors (709M)
[11:26:51]   downloading vae_transparent_decoder.safetensors ...
  % Total    % Received % Xferd  Average Speed  Time    Time    Time   Current
                                 Dload  Upload  Total   Spent   Left   Speed
  0      0   0      0   0      0      0      0                              0100   1068 100   1068   0      0   2489      0                              0100   1068 100   1068   0      0   2488      0                              0
  0      0   0      0   0      0      0      0                              0  0 198.6M   0 159.9k   0      0 111.7k      0   30:19   00:01   30:18 159.7k  0 198.6M   0  1.07M   0      0 453.9k      0   07:27   00:02   07:25 551.4k  1 198.6M   1  2.20M   0      0 657.0k      0   05:09   00:03   05:06 751.0k  2 198.6M   2  4.52M   0      0  1.01M      0   03:15   00:04   03:11  1.12M  2 198.6M   2  5.91M   0      0  1.08M      0   03:03   00:05   02:58  1.17M  3 198.6M   3  7.58M   0      0  1.17M      0   02:49   00:06   02:43  1.47M  4 198.6M   4  8.87M   0      0  1.17M      0   02:48   00:07   02:41  1.53M  5 198.6M   5 10.04M   0      0  1.17M      0   02:49   00:08   02:41  1.53M  6 198.6M   6 11.93M   0      0  1.24M      0   02:39   00:09   02:30  1.45M  6 198.6M   6 12.86M   0      0  1.21M      0   02:43   00:10   02:33  1.36M  7 198.6M   7 15.27M   0      0  1.32M      0   02:30   00:11   02:19  1.50M  8 198.6M   8 17.30M   0      0  1.37M      0   02:24   00:12   02:12  1.67M 10 198.6M  10 20.11M   0      0  1.48M      0   02:13   00:13   02:00  2.00M 11 198.6M  11 23.29M   0      0  1.59M      0   02:04   00:14   01:50  2.26M 13 198.6M  13 26.87M   0      0  1.72M      0   01:55   00:15   01:40  2.79M 15 198.6M  15 30.66M   0      0  1.84M      0   01:47   00:16   01:31  3.07M 17 198.6M  17 34.66M   0      0  1.97M      0   01:40   00:17   01:23  3.46M 18 198.6M  18 36.47M   0      0  1.96M      0   01:41   00:18   01:23  3.26M 20 198.6M  20 40.85M   0      0  2.08M      0   01:35   00:19   01:16  3.50M 23 198.6M  23 46.22M   0      0  2.24M      0   01:28   00:20   01:08  3.86M 25 198.6M  25 51.48M   0      0  2.38M      0   01:23   00:21   01:02  4.15M 28 198.6M  28 56.59M   0      0  2.50M      0   01:19   00:22   00:57  4.37M 31 198.6M  31 62.23M   0      0  2.63M      0   01:15   00:23   00:52  5.14M 34 198.6M  34 67.99M   0      0  2.76M      0   01:11   00:24   00:47  5.41M 37 198.6M  37 73.61M   0      0  2.87M      0   01:09   00:25   00:44  5.46M 39 198.6M  39 78.48M   0      0  2.95M      0   01:07   00:26   00:41  5.39M 42 198.6M  42 83.70M   0      0  3.03M      0   01:05   00:27   00:38  5.41M 44 198.6M  44 88.91M   0      0  3.10M      0   01:03   00:28   00:35  5.33M 46 198.6M  46 93.13M   0      0  3.14M      0   01:03   00:29   00:34  5.02M 50 198.6M  50 99.77M   0      0  3.26M      0   01:00   00:30   00:30  5.22M 53 198.6M  53 106.1M   0      0  3.35M      0   00:59   00:31   00:28  5.52M 56 198.6M  56 112.9M   0      0  3.46M      0   00:57   00:32   00:25  5.83M 60 198.6M  60 120.1M   0      0  3.57M      0   00:55   00:33   00:22  6.23M 64 198.6M  64 128.1M   0      0  3.70M      0   00:53   00:34   00:19  6.98M 68 198.6M  68 135.9M   0      0  3.81M      0   00:52   00:35   00:17  7.22M 71 198.6M  71 142.3M   0      0  3.88M      0   00:51   00:36   00:15  7.22M 75 198.6M  75 149.8M   0      0  3.98M      0   00:49   00:37   00:12  7.34M 79 198.6M  79 157.5M   0      0  4.07M      0   00:48   00:38   00:10  7.45M 83 198.6M  83 165.2M   0      0  4.16M      0   00:47   00:39   00:08  7.37M 85 198.6M  85 169.8M   0      0  4.17M      0   00:47   00:40   00:07  6.72M 89 198.6M  89 178.0M   0      0  4.27M      0   00:46   00:41   00:05  7.09M 93 198.6M  93 185.6M   0      0  4.35M      0   00:45   00:42   00:03  7.13M 96 198.6M  96 192.0M   0      0  4.39M      0   00:45   00:43   00:02  6.85M 99 198.6M  99 198.3M   0      0  4.44M      0   00:44   00:44          6.62M100 198.6M 100 198.6M   0      0  4.44M      0   00:44   00:44          6.62M100 198.6M 100 198.6M   0      0  4.44M      0   00:44   00:44          6.62M100 198.6M 100 198.6M   0      0  4.44M      0   00:44   00:44          6.62M
[11:27:35]   done vae_transparent_decoder.safetensors (199M)
[11:27:36] === disk after: 7.6G models ===
[11:27:37] torch cuda check (import only, no GPU alloc): cuda_build=13.0
[11:27:37] === SETUP DONE ===
